lane_id,pickup_city,pickup_state,delivery_city,delivery_state
a59b3b48cca6cde900fbdae0a4388e4b,SALINAS,CA,UPPER MARLBORO,MD
165f81859cf164bad04924f245571c89,TRENTON,MO,RENO,NV
3a52034986e52f1eb22aab8a564f89b6,GONZALES,CA,UPPER MARLBORO,MD
199054e4979a2ca6d68404b9d8ce1760,BROWNSVILLE,TX,PORTLAND,OR
0fb6b96fa4a95932630727e03f82e067,NORTH CHARLESTON,SC,RENO,NV
ba13d8231048b82a07506eb9f57203f4,MOGADORE,OH,PORTLAND,OR
3b29f494b42a5ef27a477c300691e363,BEECHER,IL,PLANT CITY,FL
99a7808cfe50d61307709dd12d0e0b26,SELAH,WA,TOLLESON,AZ
472bd2347d6f21811130f8767dce805c,VINELAND,NJ,CANBY,OR
70fc7c575bac3ff01ff372e69072edd6,CARLISLE,PA,JACKSONVILLE,FL
98095c5e7531f8bd7eca6dcc217e512f,BRIGHTON,MI,LAREDO,TX
dfa54f1383c40df803bec042effb0799,TOLEDO,OH,MEMPHIS,TN
b1051fbc65d598c7610fc70a1e808963,PIEDMONT,SC,LAREDO,TX
446f8f7d4bf0c0f327582754ba7d2e4f,FOSTORIA,OH,WELLS,ME
658e35cda1de68bfe83ecd6f46070889,ST. LOUIS,MO,PORTLAND,OR
05f5c2e1e4ffda8fa82901542094980d,NEWARK,NJ,JACKSONVILLE,FL
3c022a561507be3793ee7cad259ef3f4,FORT COLLINS,CO,COLONIAL HEIGHTS,VA
04a597f8864ffb215d95b53730636350,ST. LOUIS,MO,OCALA,FL
a1dbf2e01c306eabc6950c817a4fb737,WILLIAMS,MN,ELMER,NJ
e8cebed194dd765c5755c8500899bfde,MINNEAPOLIS,MN,DENVER,CO
8b9a9ec811479abe9aa555869d2d4ea7,TRENTON,MO,MOUNT HOLLY,NC
19c0955b7cb95795537418c610baf003,FORT COLLINS,CO,PITTSBURGH,PA
b302a9c6294ca311146a40063b5f09cd,PITTSBURGH,PA,JURUPA VALLEY,CA
b7b1c1427ee4bc2bcd066e8c2bb902a5,NEWARK,NJ,ORLANDO,FL
95fff5d09a832a7da6c676d2a0c7865e,LOS ANGELES,CA,HAYDEN,ID
f9300fda782e1095b81a1b04ccaf6211,COLUMBUS,OH,BALDWINSVILLE,NY
c49bb4a76d625c01ca0d895e60285ec7,SIOUX CITY,IA,LONGMONT,CO
acb8e903a1f75ad9fce940bf7bad2980,HAMLIN,TX,RONKONKOMA,NY
30065ad74e578296ab023fdd56e9967e,COMPTON,CA,PORTLAND,OR
c784119163769f9af011d4128d60f92a,ERIE,PA,MILFORD,MA
1192e47bc7a4f3589aa5aded29813697,HOUSTON,TX,LEONARDTOWN,MD
1a2476415f2ff60d0e04ce9c666dbe6a,ST. LOUIS,MO,PASADENA,TX
55695b9e8849fb716037ef55606b5bf8,COMPTON,CA,AURORA,CO
0d3429b92738bdf6e9593a06858a5e5a,GRANITE CITY,IL,INTERNATIONAL FALLS,MN
8c0a6980500ce4586b54edf7fd6a3fae,TAMPA,FL,SANTA ANA,CA
49cc1e4a76f76424ffef38bea8a97292,HOUSTON,TX,ROCK SPRINGS,WY
1c623727c056741f3538bb3a5b64d098,COLONIAL HEIGHTS,VA,FORT PIERCE,FL
d9c974ea10c17420168f492b4ad367c9,ST. LOUIS,MO,MOBILE,AL
6288b7f99ac98177a1536f6f585a422b,BLOOMINGTON,CA,PHOENIX,AZ
a394a81fcaa38377c85f4a635575fd2d,STERLING,VA,PLANT CITY,FL
5fbb2194f4be1430b3838192b9138e40,WARREN,OH,MOUNT HOLLY,NC
4ff8cf78be359d0346807d78db9e1de2,CHARLESTON,SC,SWEDESBORO,NJ
e0edac0e2e5de4a6029a779cc4b33b88,SYCAMORE,IL,LAKELAND,FL
dca7266d54035170ec20c13d835f1b3e,NEWARK,NJ,ROGERS,MN
cf72b88c55c9d1e2c5ca77fd71eba878,ALTOONA,PA,PLANT CITY,FL
154e9331765beedac16ef4b289e5e8bc,ST. LOUIS,MO,LOXLEY,AL
2eefbf22e0e6aa595337d0f26982f022,NEWARK,NJ,GRAND FORKS,ND
7dd6472114938c29a8888436d41a6c97,ST. LOUIS,MO,MCALLEN,TX
f5186bc2b3e74686981293dd13eb7df4,BIG SANDY,TX,MADERA,CA
a0d8a420781c0ef0164048707ef99b5f,CARTERSVILLE,GA,SOUTH BURLINGTON,VT
8be7fe6db22575326ea83d8d03ec436f,ST. LOUIS,MO,DAYTONA BEACH,FL
c5b1f2351850ae8faf959bbf2d62efae,BALDWINSVILLE,NY,RAPID CITY,SD
2d948960566508ff54bc87e935591435,WILLIAMSBURG,VA,UPPER MARLBORO,MD
78a42a8cc4bfce8be52bf9c30a09842e,BRIDGEWATER,NJ,SAN ANTONIO,TX
d1c102745bd06fcceabbd8aa64afce03,BALDWINSVILLE,NY,AUBURN,MA
44b2e7dcd49b4be0aac2477dc08e9e3f,COLUMBUS,OH,CARTERSVILLE,GA
adf2b7d0256fd536adaeb15fa8286add,BALDWINSVILLE,NY,MILFORD,MA
8750f827d95b8c97db0131edb95f5ab1,PLANT CITY,FL,UXBRIDGE,MA
0c407e3a1f1021340195821cf9d1689c,WILSON,NC,CRANSTON,RI
96687071b53c5e880bf82af0784cbad6,LA PORTE,TX,LUBBOCK,TX
468135ad1897cad0486af1fa886edab7,GRANITE CITY,IL,STARKVILLE,MS
73d54994e1194fb9a8a8573edcb2e49c,WILLIAMSBURG,VA,HARRISBURG,PA
5471a42ba6eaad11f6b9b91721d04fdc,CONNELLY SPRINGS,NC,WARREN,OH
6a0e86b6b54ab6a909dc121554b594df,HOUSTON,TX,GALLUP,NM
b0610825a679e73ec8ef23ecc3f1e9d5,ST. LOUIS,MO,SUPERIOR,WI
053c0536f59b8225f59a54c41177f19d,SIOUX CITY,IA,REPUBLIC,MO
8c4948b677916e32b43a14fc255fdc61,GRANITE CITY,IL,BELOIT,KS
4523200b742d72920de52d0d973dad8f,AURORA,CO,MINOT,ND
096d1e627e81d918a0d96889975dcfc6,DENVER,PA,PONCA CITY,OK
7fc4d70ec59e90a041ff6a906e66fbde,MOUNT AIRY,NC,SWEDESBORO,NJ
cfd92a26ec3ec56945ed4dd71f528c4a,WILLIAMSBURG,VA,BALDWINSVILLE,NY
f8d6f2439257bf9362448740dddeb16e,ST. LOUIS,MO,DUBUQUE,IA
28a31c0bdca92fa6357031e3a51bf992,WESTFIELD,MA,FRANKLIN PARK,IL
69b412cac21962cffff5f63c8c2c2b16,GRANITE CITY,IL,HIBBING,MN
7545bbd8afb73574fa3d3caf94745cf4,CARTERSVILLE,GA,LA PORTE,TX
cd272c563fb8f255434de19979f36d27,GRANITE CITY,IL,EL DORADO,KS
1ec1410a2272e9ce2f69d80b828620c2,GRANITE CITY,IL,DODGE CITY,KS
f1c160041950f1bda53c4e93647ffff5,LAREDO,TX,CHAPEL HILL,TN
8a5bbe9a6b9aef5531ace4a934421543,AURORA,CO,ELKO,NV
b5d5812058789db9e614c14e8c6df1b7,ROCHESTER,NY,NEWARK,NJ
8d9fed213024b366c581264e3732cd99,NEWARK,NJ,WILLIAMSBURG,VA
eadcff8d5b69a39a12fa2f218d7d4a15,COLUMBUS,OH,PEVELY,MO
80ce553d7903da2e4b195d5a8920e075,MORRIS,IL,DENISON,TX
4d40c24c0e2f9a35e12a1a891e6fb2b4,JACKSONVILLE,FL,SUMTER,SC
132157b88af77193c0f87f9eba1167c9,IDAHO FALLS,ID,AUBURN,WA
a25baea0bf292d77b67423d4c1f6eed2,CARTERSVILLE,GA,VICKSBURG,MS
241c29f5e4ae57c07627e590873d1f2a,FORT COLLINS,CO,SAN ANTONIO,TX
ca4687f74b1b4c8851a79e092ecf4843,PORTLAND,OR,SPOKANE VALLEY,WA
cc42cd8f5e99d1ab9425de23f37d4c74,NEWARK,NJ,GREEN BAY,WI
cb324cad087231af96cc9c0eaa621dc0,GRANITE CITY,IL,MANSFIELD,OH
8ec917875fba672327a9e36240643d53,MCCOOK,NE,CHICAGO,IL
88ead006c5c994df88eb025a6b6ed006,PITTSBURGH,PA,GREENFIELD,IN
c402176f02179736fde5ef585d7b2c24,AURORA,CO,GRAND ISLAND,NE
6b2adbd7f4ec2bddaefe55b21ce29005,JACKSONVILLE,FL,OPELIKA,AL
e942203c327ba05c9ce940124925cfa1,HALLS,TN,DALLAS,TX
bc076d80692d87e439eb3c1c72c1bbbe,OXNARD,CA,TOLLESON,AZ
e4bddfa9dd9ccf2e9549f0905d0995f6,DALLAS,TX,DAVENPORT,IA
3a9c0f8998f7d6fa0f2d2b49d2a8c18e,FAIRFIELD,CA,MEDFORD,OR
39b5badfc8453b820bb6087ac8d44240,TRACY,CA,WADDELL,AZ
5401777a4eaef1992667194db9434f2d,TUSCALOOSA,AL,XENIA,OH
3fbed6d9f51ad799c42bce4800f447ad,CARTERSVILLE,GA,GAINESVILLE,FL
b2187c804f0689d0fa0171055d0a97a8,AURORA,CO,FREMONT,NE
066b1056821cfd33f32ee02583d67f98,COLONIAL HEIGHTS,VA,CLARKSBURG,WV
07ffe686c5eb1102ef2b40841ff3958a,GRANITE CITY,IL,TULSA,OK
5d4bf20b9b338dcb752f2d17e556a9db,CARTERSVILLE,GA,RICHLAND,MS
4dc81ea57e8b3cdd5fa31ec1a811bd31,JACKSONVILLE,FL,WEST PALM BEACH,FL
ebb9ee20ab1ad7d4b8fb17f7378a27b0,WILLIAMSBURG,VA,SPARTANBURG,SC
2d110e13371ad2db6975b5e67db07905,BREINIGSVILLE,PA,UPPER MARLBORO,MD
e3554d20179e20930715b0009d3f9b29,WILLIAMSBURG,VA,BEAVER,WV
e3a093aee3b95b7e4c2c8c21d17a1d8e,JACKSONVILLE,FL,SPARTANBURG,SC
08ffd6786cd766dbc989251988eea103,PITTSTON,PA,NEWINGTON,CT
88986c6d881dffa15ee0a420c70f8a58,TUSCALOOSA,AL,BORDEN,IN
f921bcfc424a3f1cd136e12f495d37fb,WAPAKONETA,OH,CANTON,OH
1ab670743ed858ada95f1c26dbc72813,NEWARK,NJ,GRAND RAPIDS,MI
6e13e6f2e6e3203b9c7bcbd28dcb6b65,NEWARK,NJ,LINCOLNWOOD,IL
6ee654517ee173b325af1e11941cd21f,WILLIAMSBURG,VA,SUN PRAIRIE,WI
9814499909e9276be009bd0164cf2514,LAREDO,TX,WACO,TX
6ac161f1857e3194bb97b98eb9ca722a,CARTERSVILLE,GA,LUMBERTON,NC
c265da7a17625dc2524ddc572558b254,GRANITE CITY,IL,DECATUR,AL
c63ec074b61c17a3049edbecaeaa58e1,LEWISTOWN,PA,BALDWINSVILLE,NY
70f001aafacf3d7cf66917673494d499,GREENVILLE,SC,EVANS CITY,PA
eedd95779114b97099e145b0992cc450,WILLIAMSBURG,VA,ROCKY MOUNT,NC
72c9e2dc91a13c04201215a7750b9f4d,CARSON,CA,LAS VEGAS,NV
9c6e53566a00c23a7b6892d5c85d1cfc,HIALEAH,FL,RICHBURG,SC
8c81385b1870fbf5f06a7273942a17a0,EL PASO,TX,LAREDO,TX
4959a630d23cce6da304d518b7bd5355,STOCKTON,CA,TRACY,CA
8a5396139be5cc75277a20a8c2ef5d94,BELLEVUE,WA,PORTLAND,OR
b08774e2f0fbb5dcaed8edc2cbcc10b4,READING,PA,JOLIET,IL
e9b0ee6f4b07de2481933010e7301b5c,BETHLEHEM,PA,PITTSBURGH,PA
e27bb7a36539b6720e8b8e43e39b02b5,HAWKINS,TX,ROANOKE,TX
af7690263ad27809bbcd9cbfdc27f05c,NORTH EAST,MD,LEXINGTON,KY
f4f0db67b15934fbfaa54e0cb6f81f50,RALEIGH,NC,YORK,PA
b58a4ea616a336b9becbd5b21a901016,LOS ANGELES,CA,SAN MARCOS,CA
ca463ad21c9b36e46335a4095ca2bd92,CARTERSVILLE,GA,RALEIGH,NC
6dc293c905c864b8c2123685a14e5b7b,MCCOOK,NE,STERLING,IL
e38c2f646ef1a65c5e12c3b762f49191,JACKSONVILLE,FL,SARASOTA,FL
e04ed4b4c348838a5b6380619bab24ef,DENVER,CO,PONCA CITY,OK
ed4441e6b4f47e49c874c0c45ab595c4,NEWARK,NJ,LEETSDALE,PA
3eb8b0b6c81c79dac6fbc56ae247c68e,BALTIMORE,MD,WALLKILL,NY
d72ac07a749ed776bfc770b1a54ca89f,COLUMBUS,OH,HAZARD,KY
ac19841bafea14510160990f824d0d37,PHILADELPHIA,PA,SEYMOUR,CT
2c395161d760e78cb1271563281caa49,CROWS LANDING,CA,COMMERCE,CA
8131fd315b0c79d5a643053493ed527f,CARTERSVILLE,GA,VALDOSTA,GA
416c12f9095b49892f92cbe5308c4e47,WANAQUE,NJ,LYNBROOK,NY
1e918f827ff8172228d7cec4aaed0033,KUTZTOWN,PA,SHIPSHEWANA,IN
650de33740638cf441d4d9c96c54c780,CARLISLE,PA,HATFIELD,PA
7c2455a8189235dd38747381e800e8db,COLONIAL HEIGHTS,VA,PHILADELPHIA,PA
e00713db9a5966b08cd7d88721fe8a2e,BRAITHWAITE,LA,CHAPEL HILL,TN
d70c44fa1a3572ebaffa1aab5e658a82,MCDONOUGH,GA,COLLEGE PARK,GA
f10f9ee36436bbe05cc16d1754a418bf,PHILADELPHIA,PA,CLEVELAND,OH
41d74cd7474990d9c767f6b9cfbc1b6e,LINDEN,NJ,EPHRATA,PA
6c3995118a5aea6d01c989a43d902a03,ONTARIO,CA,EL MONTE,CA
e7aed67f85a78f2ec2b3ea71edebc5a0,DOTHAN,AL,MONTGOMERY,AL
d6891452d959b708e4b6055e271450c1,CANDLER,NC,ATLANTA,GA
b80fd8b790a2c61d50545042f1377009,WANAQUE,NJ,CASTILE,NY
0965f99002fd76407fdffb72b7aae5a2,TAUNTON,MA,WESTFIELD,MA
a15624655471685c4b48f12b2acc7517,RALEIGH,NC,GASTONIA,NC
82a7871217afab6d61e0cb8a65e3551d,COLONIAL HEIGHTS,VA,ANNAPOLIS,MD
72728d249a0fc0a5c8c7d79b436754d5,HILLSBOROUGH TOWNSHIP,NJ,PHILADELPHIA,PA
1df01fb357682f0ad11afc612b808355,PENNSAUKEN TOWNSHIP,NJ,NEWARK,NJ
9a2c35e9d8a9f0db736e9498e6524699,LA PORTE,TX,FORT WORTH,TX
9e46ea499a9bd1adc5672ad1fbc37d07,PINE MOUNTAIN VALLEY,GA,GASTONIA,NC
cd6f21b45a69aa611254b3c930b95874,SAN ANTONIO,TX,HOUSTON,TX
d067f46afd715e631dd70c52e9ba9f35,WINDSOR LOCKS,CT,YORK,PA
dccf9382171d7067f52aa9ad4cb62d17,SANTA ANA,CA,CARSON,CA
dd7dc91f9fad78a13163ae0afede6d96,POTTSTOWN,PA,NEWARK,NJ
0cc0cc27376dd5bab1fdfd065765b1ae,EDGEMERE,MD,ALTOONA,PA
7402864e4cab13ec185c8c1076a3c930,WALPOLE,MA,NEWARK,NJ
8ddbad980818cf5b4665cfd53169cf5f,WATERBURY,CT,NEWARK,NJ
701d83ae3b244d47279c7b095f0fce7a,COLONIAL HEIGHTS,VA,DANVILLE,VA
f5b203f0da0c087c94cc43463879d16d,EDINBURG,VA,YORK,PA
ed8c406b4b0417979477e28d46e4e4b3,NORCROSS,GA,ATLANTA,GA
6de3ee11f7a029ff88b1869c2ade932c,LYNN,MA,NEWARK,NJ
cb0dfc36185d825a7edf04d420111852,ELK GROVE,CA,COMMERCE,CA
24fdc1bea7c59780baca305682d187bd,MOUNT VERNON,OH,BOTKINS,OH
420149eef6d7c905d904fad722a5a725,PLANT CITY,FL,ATLANTA,GA
6f0233936d3d59ace2159f1a60fcc737,ST. LOUIS,MO,HERCULANEUM,MO
a3aeea82329d3e52085546ba6ee1a7e5,CARTERSVILLE,GA,LAGRANGE,GA
2d7d6674ba5d706b9b274ca5313fb560,CHESTER,PA,PHILADELPHIA,PA
8a422af69624219a83ae089ebdcb19f2,WILLIAMSBURG,VA,DALLAS,TX
5da7eaf738aec9708cab6ce9956061b8,MERCED,CA,HAYWARD,CA
54fb9274c4f7b5e6b7997a5aee6c9ba3,YORK,PA,WILLIAMSPORT,MD
6da11f1d9134a793ac89c5c9cae8e41f,TUCSON,AZ,METHUEN,MA
7060b163c87e9ce146ae06dc2ce499e7,EAGAN,MN,MORRIS,IL
3752b6993b85a286d8d2562fee648942,CARTERSVILLE,GA,VIDALIA,GA
f9dcd854fac04be6fd231c146032b5c4,NEWARK,NJ,NORCROSS,GA
52c020e52368c1484da2c90b10ba8067,FAIRFIELD,CA,PUYALLUP,WA
27c56cfebe6dac49e560eeaa196232f0,STOWE,PA,CHAPEL HILL,TN
e52eba82419a3ff9bc3c0c49da56cb59,FORT COLLINS,CO,TRENTON,NJ
fa9d58ef9ac37158ef3a0b82494736f5,COLONIAL HEIGHTS,VA,MYRTLE BEACH,SC
9627c1a9c4f9d98cc249d5fc29059b9f,MERRIMACK,NH,NORWICH,CT
e6c6914f800acdf02c7fcdbe5be1c91e,COLONIAL HEIGHTS,VA,DEERFIELD BEACH,FL
3e2dfe8374230e03c988a07b5f80a228,RIVERSIDE,CA,POMONA,CA
77e6709343b1ea50a529249082f663fe,SANTA ANA,CA,FONTANA,CA
98b6e4930c100983737c41d4cbb0bf8d,MANNING,SC,PORTLAND,OR
b6c074c149c85d4419a20509a7118f82,LAKEWOOD,NY,PORTLAND,OR
957b705f142ebe08bb2c5e4c73e7c056,FAIRFIELD,CA,NEWARK,NJ
b6706e714ce2031f36b76fb1622aa553,COMPTON,CA,COMMERCE,GA
38ca1c68e4053b1a3eba7d9b610c1eef,LA PINE,OR,METHUEN,MA
b5db387a949cc76727fb85dcbc446ef2,SAINT ANTHONY,ID,ORLANDO,FL
adf26a2c0888b06301a7ab0430f2eab9,BINGEN,WA,METHUEN,MA
0bb05a062df1b8182b2dadcae41e3669,FOREST CITY,NC,PORTLAND,OR
d5782de860624b47edb408cb54feef33,MORGANTON,NC,RENO,NV
7cf95fd46bb72b3927d1776eeeded655,FAIRFIELD,CA,RAPID CITY,SD
b34d7497b95c14e9bdf1f34fca69d8c8,FORT COLLINS,CO,ORLANDO,FL
f3664386407649d69071fd690c08ee69,UNION GAP,WA,DENVER,CO
9733992b966f7a83594e31da23a42393,NEWARK,NJ,BOISE,ID
14f75566b0dff12d1d09f0008782117c,DECATUR,IN,CLEVELAND,NC
062df6a9fbd30385dd0f12e7782c8b96,LOS ANGELES,CA,MISSOULA,MT
1dbeb3a29a559711f7930f843e23d73f,LOS ANGELES,CA,PLANT CITY,FL
2bd310255129b92b50fd8766c2493a76,VINELAND,NJ,PORTLAND,OR
cf6caa808090ae47f351d62b6971f310,POYNETTE,WI,DENVER,CO
e7ca099247ed041d1e1a50cc58c0672c,BALDWINSVILLE,NY,CLIFTON,CO
61d82b4aa27260bd815f97725e175cf3,COMPTON,CA,MCCOOK,IL
b3e5e9e455ac3b44700088487585c1d9,CRETE,IL,SANTA ANA,CA
f04e501859f6c90698fa6838aba04258,TRACY,CA,HEBRON,KY
106b0152a2ac663104654de389606cda,PLANT CITY,FL,COMMERCE,CA
90c8ed747b7c57a95b81c66a33df652e,LOS ANGELES,CA,GRANITE CITY,IL
1b996709c2a20a57cecdd4f3ece5fdcd,QUINCY,WA,BREA,CA
93648853541a4568b60f6023c1c7c674,LOS ANGELES,CA,MCALLEN,TX
58dcceba17d6be8b40510fa4d1c01e95,WATERTOWN,WI,SANTA ANA,CA
c6a8e8f9ed196e14e80d8add1ba83a36,SANTA ANA,CA,MCDONOUGH,GA
2d7d0ff2f4fd387fd2395932df62ed6e,BROOKLYN PARK,MN,TAMPA,FL
aec68f30d200ae277cdac6a8092c6271,FORT COLLINS,CO,BANGOR,ME
ef8d94df83302aa4e0ee150f0e791b73,FAIRFIELD,CA,IDAHO FALLS,ID
750e15a7dae43f04dffc3df503ac8167,BOLINGBROOK,IL,RENO,NV
db23ce90c1232326dbddc9bbe94c3d11,BOLINGBROOK,IL,FORT WORTH,TX
456184ea312980b14ff5513c4ce4c20b,WARREN,OH,LAREDO,TX
f464733b0fec79916a9f7c87938bb2e6,RANCHO CUCAMONGA,CA,LAREDO,TX
a577a349e73c7a2e65118eba1edd8670,FORT COLLINS,CO,SPOKANE VALLEY,WA
e3e0617bcd055c068fc713e59bc4e38f,SANTA ANA,CA,MCCOOK,IL
7fab2fcf7219e581773f9f6d6242028f,PLANT CITY,FL,HATFIELD,MA
439c99030da123d2e323de7f63cd1c0e,ST. LOUIS,MO,THIEF RIVER FALLS,MN
cc3f01b3380e0f12d15f480c403a6dce,FORT COLLINS,CO,ELKTON,MD
460a9ad4a2dcbb6a7fd5bf8568a2882b,BOLINGBROOK,IL,YORK,PA
29ebcea996744c73ca3805d844414b98,BOLINGBROOK,IL,BUFORD,GA
76e8bb4c28f4ae70268da775df69e1b6,GRANITE CITY,IL,THIEF RIVER FALLS,MN
1f2877248a2d0ead406377d78779ac8e,AURORA,CO,ROCK SPRINGS,WY
c7e5b692303937e10a7e9f715288d5ea,DENVER,CO,LAYTON,UT
815030701bd52532cfdc1f0100f0a354,SANTA ANA,CA,MOUNT STERLING,IL
8b1deb4aba804000a8071f12db6161f6,GRANITE CITY,IL,MINOT,ND
b7cbd5cd10aab1c28f76b681f8afda36,GRANITE CITY,IL,BAY CITY,MI
7ee033121c6d5ea48fb46479df274875,BRAITHWAITE,LA,FLEETWOOD,PA
9171fc953d3f566b4cef01088d9b6d7b,LOS ANGELES,CA,ELKO,NV
b7852c4531add788b01ef511656cc774,POMPANO BEACH,FL,METHUEN,MA
aa73d9abac4af7c781140843fa336668,WYLIE,TX,STATESVILLE,NC
4e0f55a08f36bf553108dc1dc51253ae,GRANITE CITY,IL,DOWAGIAC,MI
13553b668248dc52c78d2aa6eca312c1,DENVER,CO,BOLINGBROOK,IL
0422fae1d5d915c082e6c8858df57d1a,NEWARK,NJ,SPRINGFIELD,VA
3f4b23734eb7fd1995afc7a15a9b4995,AURORA,CO,DURANGO,CO
882061ab57c1a8be47bdc5d7a244c21c,GRANITE CITY,IL,NORWALK,OH
84d0099526b334a0aff2a7c8bbf52c6f,IDAHO FALLS,ID,PACIFIC,WA
76bc6e061f9ff2bd1e8b73bece163195,1,LA,FLEETWOOD,PA
ffa755eda8b44291f15438381a077f44,PLANT CITY,FL,DUNMORE,PA
3739338e89e26986acc826ad04b4cd7f,GRANITE CITY,IL,SENECA,KS
23d86c47e1511bdb1addac5ba3ba89dd,NEWARK,NJ,ATHENS,GA
93ebf035d37db6f2c67e2c64f4bb8838,GEORGETOWN,SC,TINTON FALLS,NJ
849eef4e9a96a98f5abf60ab8e45f3bf,WILLIAMSBURG,VA,PIEDMONT,SC
552d7f1220907f4e238258870ae3b2a6,PLEASANT PRAIRIE,WI,ST. LOUIS,MO
bd0da4d339ba27981a82d1155b9667f7,ERIE,PA,STATESVILLE,NC
89b666f464edbaab4cc94620b0179721,DE SOTO,KS,FORT COLLINS,CO
2be0f8f1265ef3c70a7054b9ec98a555,GRANITE CITY,IL,CALUMET TOWNSHIP,MI
8a1c9e664828209960171863f14f9da9,PORTAGE,IN,BUFORD,GA
5e6fdc892c449faedf5e95d078d7372b,COLUMBUS,OH,HATFIELD,PA
cdbc867c990c7267f8b75b1feeac5d3a,BROOMFIELD,CO,LAS VEGAS,NV
b1acfa6d3c88e2cd79c9947ae821417c,FORT COLLINS,CO,JAMESTOWN,ND
5595672d9863febb82a02727beb6cea3,IDAHO FALLS,ID,DENVER,CO
c8ee14cf8c9af5fd8179233daa482fa5,WILLIAMSBURG,VA,NOTTINGHAM,MD
c0e3ea5d6c649f1ce78fe0c250953777,FORT COLLINS,CO,PUEBLO,CO
228af72bc0119d153c5fe42f750fdce9,HOUSTON,TX,ATTALLA,AL
7c01c29be34308d232c9d48b43deee78,DELANO,MN,AUSTIN,TX
3bc17fbc684580d5da6501477ea2bceb,NEWARK,NJ,MERRIMACK,NH
de04925f542f3e866023e42b1b720ef1,SIOUX CITY,IA,DANVILLE,IL
037c64c6ce569cc2022d8edce1978ef2,BALDWINSVILLE,NY,GLADSTONE,MI
cae4ea17cdd827287ba5eabe7f8f7713,ST. LOUIS,MO,ALEXANDRIA,MN
d15dc2698740c799daa784f5f7e57e26,ST. LOUIS,MO,PINE BLUFF,AR
c55e17ae9a6e092f8cdf38460080e9da,GRANITE CITY,IL,BARDSTOWN,KY
7882b498a0b67a262cef7ca44d88d49a,JOHNSTOWN,PA,BALDWINSVILLE,NY
caaa613e9231168216f994dc23d4f86d,JACKSONVILLE,FL,ROCKY MOUNT,NC
ed2e59c5448b44af1c40933546fb88c1,GEORGETOWN TOWNSHIP,MI,YORK,PA
40ec601dcbbcc06697afe4318ef04693,FORT COLLINS,CO,DURANGO,CO
907c5d35c98da4540adfaaafad878b05,LOS ANGELES,CA,REDDING,CA
7e3542ab0bdbf43eeec027ad56730428,LOS ANGELES,CA,SAFFORD,AZ
4938e9adddae45993d00d2f87537eff8,NEWARK,NJ,LOXLEY,AL
d7352d8f34fd2f5d28850d8c181ae6c7,LOS ANGELES,CA,SPARKS,NV
4419cdb8ce0afce113286b2e10560272,COMPTON,CA,TRACY,CA
1d8e2f0afe8a4c281aae91e40ed231f4,LA PORTE,TX,HATTIESBURG,MS
9ec27eed81a6127b6db42db5d04bcf51,AURORA,CO,AMARILLO,TX
a855665419fe9267e6806697d867c033,FORT COLLINS,CO,GRAND RAPIDS,MI
3b8bab6b5b5f0d0ed2781b4ab0a1868c,LA PORTE,TX,GRANITE CITY,IL
a3bf0b66c0f50e870d2d7d33945c8736,LAREDO,TX,TROY,AL
72beaff289f890fd788f3a6c1c2558ae,JACKSONVILLE,FL,SANFORD,FL
3fa4b5b45fd9f124e6ab9336e0c19ae1,ST. LOUIS,MO,LONGVIEW,TX
d5d5c3bacb0b3531d1016036bf7bae08,ST. LOUIS,MO,LINCOLN,NE
218fa73cee8dd25b99a8443b43e68be3,CARTERSVILLE,GA,JOHNSON CITY,TN
f17e6b701f3cf8132069e5385766ac4a,ROMULUS,MI,BALDWINSVILLE,NY
87ca2abb2f7f13a7fd4cdef2adfd2c6d,CONOVER,NC,DENTON,TX
8fe2fcbb8f0d4c51bb0359b5584e384d,LA PORTE,TX,TEXARKANA,TX
66899ee7047c751835e9653c32cae80d,LA PORTE,TX,LAFAYETTE,LA
195f4a1146fef1fc27b9687bd8d96af0,WILLIAMSBURG,VA,ERIE,PA
0b62b9f5e56f17f15261148f4aa73fa4,BALDWINSVILLE,NY,JERSEY CITY,NJ
fc105116f1813d8add307b9ffd7ce11c,WILLIAMSBURG,VA,MARTINSBURG,WV
ed135a157cfbdd65757179d904897b16,GRANITE CITY,IL,MARQUETTE,MI
ab9c02e6569569c18f7f219c2c182598,JACKSONVILLE,FL,FORT LAUDERDALE,FL
57e808541df9dc97e4c5be16f6c61e56,ST. LOUIS,MO,ROCHESTER,MN
cc4579dc4b5f6d3444f196a7987e2f13,NEWARK,NJ,ROMNEY,WV
d8334d86404d1787e7247c595cd13501,CARTERSVILLE,GA,HENDERSON,NC
1e4911a6494fd4865c32129612bc03c0,NEWARK,NJ,SCHOFIELD,WI
1b729cee16112d0d6b1245d67b69266b,CONOVER,NC,EDISON,NJ
ced96c3847ab1a8087e08a189c2119c4,NEWARK,NJ,WESTMORELAND,NY
8b8b963faccc64412fd139181fb3af4b,CARTERSVILLE,GA,SAINT AUGUSTINE,FL
4b9be37006dd7d07c2eb3ee6e7bc6418,COLONIAL HEIGHTS,VA,WRIGHTSVILLE,PA
68f40fc1196915781235ad48971eb772,FLOWERY BRANCH,GA,CANTON,OH
4edaf714f252dd02f12d75c016d14ca2,WILLIAMSBURG,VA,RALEIGH,NC
41a9a00ece55275ab14e00bcadd4bc03,VALPARAISO,IN,ANKENY,IA
2ac9a1e647935e06bfffd64e50b05ab5,GENEVA,NY,EPHRATA,PA
087faf045ef9557d4044e80ba2a0c914,MERRIMACK,NH,PATCHOGUE,NY
1be5860730c8ed18508094db20e9a63a,JACKSONVILLE,FL,WILMINGTON,NC
a3e7cc4d153689e98e6b2d6b392cafb9,NEW YORK,NY,CLIFTON PARK,NY
b3e4cf07862e22f2f934571587b4d14f,AURORA,CO,RIVERTON,WY
ee8fdee69ff1fe038a19751d41d4bece,LOS ANGELES,CA,BISBEE,AZ
99d0dc97a59402c5b216c8bd691405a8,JACKSONVILLE,FL,CARTERSVILLE,GA
23af8a19ac54b0dbac3d4df923fb4b0b,MOUNT AYR,IA,LACEYS SPRING,AL
40b0c8b5f6d0177d9af67d4526a6bf9f,GRANITE CITY,IL,DUBUQUE,IA
5fd684fea247b5770c7cd50f1e5b75d4,JACKSON,WY,FORT COLLINS,CO
87ac39e6dfe25281860a052ecb379af5,LA PORTE,TX,SHREVEPORT,LA
d17903381bba01689614eaf2ced66048,CLARKSVILLE,TN,COLUMBUS,OH
f66b585a009159962cc30ef69ead5ca0,HOUSTON,TX,METAIRIE,LA
d6e2651813d89cfa66b38a16a3d84caf,NEW YORK,NY,WATERVLIET,NY
7d9c09dcb931b885e084c1e5d42a81c1,PLANT CITY,FL,BURLINGTON,NJ
456463c0d769189ebe1b83d165c0d3cc,SANTA ANA,CA,SACRAMENTO,CA
52b2a4c7a3e5d39295a2ac5ea2d6a724,READING,PA,EVERETT,MA
8104f88707ab0b89d861a21f57778273,FRONT ROYAL,VA,HEMPSTEAD,NY
42a1fde4df83b395261ed74153e108c3,HUNTINGDON,TN,DARLINGTON,SC
d091643f0ffa950297487de61eab2bb6,HOUSTON,TX,HARPERSVILLE,AL
6df83bba7293400bee96d336befbc9e0,FAIRFIELD,CA,CARSON,CA
1119f02d64bb94c5b313a494a6691189,TUSCALOOSA,AL,CINCINNATI,OH
a7af280d5e52cbaa5b7965e99cc58efc,LA PORTE,TX,GULFPORT,MS
d522f49b381258d0b4a3cec930417b5f,WILLS POINT,TX,NORTHLAKE,IL
57b2ecccaa0bbbeadea1c4a3041cc18f,STATESVILLE,NC,CANTON,OH
fd3a74edb867eb2bbf8dfd5df9fa55c3,KANSAS CITY,MO,NEW HAVEN,IN
2a726a3f49a7b63328facb546c1d5719,FORT COLLINS,CO,ROCK SPRINGS,WY
40566d5c87dfe4ebfcd9f63ebad646d1,CONOVER,NC,FLORENCE,AL
37e9c41a750acefdaee8c948fb925b8c,PARIS,TN,BRIGHTON,MI
a3c1d49bbeaa20dfb16aab6ef38300cd,1,LA,HERCULANEUM,MO
1c9fa71e28c8c95016af0da082b25024,BALDWINSVILLE,NY,WRIGHTSVILLE,PA
09b8f239ed847934fb59676dabdb85ef,SANTA ANA,CA,GOODYEAR,AZ
1a3c9c72cad8968802a1be2cfaebf266,WYLIE,TX,MEMPHIS,TN
319dad741f7ab0eebf22a2c4f832479f,CONOVER,NC,PARAGOULD,AR
be562a48c6dc19b6d925d601ff65b546,MONTGOMERY,AL,CONOVER,NC
cf7a463780a51663d5311adc616349b3,READING,PA,ROMEOVILLE,IL
66481da606d866f0344ec5bed3a07846,LOS ANGELES,CA,SANTA MARIA,CA
b37ad46edc43dde622ca8e6c85d8015e,FORT COLLINS,CO,LOGAN,UT
f32fe169f3e5eae5285b7c496a976b91,PARIS,TN,SHARONVILLE,OH
38e93d2478a08778ced891e1e24a8e42,GEORGETOWN,SC,LEXINGTON,NC
b80dcd6b604698003fb1cc96ed5aeb97,BRIGHTON,MI,CANTON,OH
a813766a64ef0191505ce50d2d0bbeb0,EAST GREENVILLE,PA,PITTSBURGH,PA
4a5b895d5de73078f3f69cda72acaa00,PANDORA,OH,TIPTON,IA
73f31518d78b7e80adfa50765c66fe1a,GRANITE CITY,IL,LELAND,MS
31fd48ee3b0c3543cea552631b5502c8,NEENAH,WI,MINNEAPOLIS,MN
02164ed598beb40ff5ec66a6b718616a,AURORA,CO,LINCOLN,NE
44065d00a16821c3aff06459509aeb89,HOUSTON,TX,EL DORADO,AR
73532a6f0894302d0c4e77fb4707e8bd,OWENSBORO,KY,GRAND RAPIDS,MI
cc636d17424c3673ecc2e8fe839c0c24,FORT COLLINS,CO,GRAND ISLAND,NE
cd2bf57406c20b055eace128f68cd5bc,MODESTO,CA,TRACY,CA
38a39947deba9b98f25ebd2df3567ca6,JACKSONVILLE,FL,WINSTON-SALEM,NC
dc1d3313f0333cfae2fada7eaf472884,COWARTS,AL,MONTGOMERY,AL
17c7be47274c7e37f72429e48c6a63e1,BRIDGEWATER,NJ,CANASTOTA,NY
29f0fac85dbdbb260b8e233aa7bb62a0,CRANBURY TOWNSHIP,NJ,ANNAPOLIS,MD
dd9a8571d7a511aeb54caa3662cc922a,ROMULUS,MI,TOLEDO,OH
d229f3afd5e7c43734e5b44f6154761f,CARTERSVILLE,GA,SYLVA,NC
82b5efdfa95fbaa9f437fc5fb2a8ce61,CARTERSVILLE,GA,ROCK HILL,SC
06d5ab09fc12433f8a8f9bdf5e2c633e,BALDWINSVILLE,NY,LITTLE FALLS,NY
4478c188013155e40d234e7eadc9ae60,BRONX,NY,NEWARK,NJ
1059d185d60df172374f1662f5cbc5c0,CHRISTIANSBURG,VA,LEBANON,OH
ada89288a60d43874bb1a470ed15e30f,SALEM,OR,PORTLAND,OR
ff8615b9e7d08b70063180f372405a19,PITTSTON,PA,EPHRATA,PA
1d300c5fb7d0891df20bec9377f6c514,ATLANTA,GA,MORROW,GA
f7436de66e1b524ea69489c81b5e41b3,ALTON,IL,CHANNAHON,IL
b87b7443e32375db5994420c515e6f13,PORTERVILLE,CA,GARDEN GROVE,CA
5cc45ab56ca24605a0fa37bfe17ec083,JACKSON,TN,LACEYS SPRING,AL
daaab3b077593dbd83c7d86804980042,EDGEMERE,MD,FLEETWOOD,PA
4361d9bf6dcc3e31ecc8c9825f213f22,TROY,AL,LACEYS SPRING,AL
1c103f838d2e062d6020a06471cd9f6c,CARTHAGE,MO,PRYOR,OK
9dbeac49a85ada8ba5ab05df3f3cc58d,NEWTON,NJ,NEWARK,NJ
3cd0593c5fc572fead13e4857021ab4c,ROMEOVILLE,IL,SHIPSHEWANA,IN
a44d7ea5fa1c4c39fc3bd8c472e4a262,LANCASTER,TX,DENISON,TX
16f6aba6639abdb778d3ee6488b7ff0a,PLANT CITY,FL,JACKSONVILLE,FL
7d0be95963851811c961be3af2242215,KUTZTOWN,PA,EPHRATA,PA
12c5cee72f1c9f876b72945f3ed0762a,POMPANO BEACH,FL,LOS ANGELES,CA
d56dd9028e41ceb1653c8dcdcee911bc,BROOKLYN,NY,KEARNY,NJ
fc25cbe94281afc8e283a91c9439a601,MERRIMACK,NH,NEWARK,NJ
9bcb7b5db3206153e0820adbf42306ba,COLONIAL HEIGHTS,VA,ASHEVILLE,NC
cdd031496fda8ac4b1efbdabb178cf5d,INDIANAPOLIS,IN,PORTLAND,OR
65fe147782feabb77c3a5782690a9bde,XENIA,OH,RENO,NV
12d8985278b2c38bf677ef57b3a9c36d,ROMULUS,MI,WILLIAMSBURG,VA
fac63f80fa797b391b8fc1bc74622b5e,NEWARK,NJ,LANCASTER,NY
c2b38b27fd2d788bff14a0d98906fd7a,FORT COLLINS,CO,LEONARDTOWN,MD
53baba878cebd3d1bbdb426b4e45ee77,VINELAND,NJ,VERNON,CA
e3db17abe305c9f576152b8a6c2c3b82,WILKES-BARRE,PA,PORT ORANGE,FL
e5b1f6871d44a2babefea487d5e96c0b,COLONIAL HEIGHTS,VA,NOTTINGHAM,MD
2b88cae2813544bfe28d314ffb4d15cb,CARTERSVILLE,GA,FLETCHER,NC
d0dcb240c5e7ff60ef7e17b78f4e11be,HOOD RIVER,OR,COWICHE,WA
bb0fb9f2eb4b2466b7bba58f5791f07a,LA PINE,OR,TOLLESON,AZ
8a153feb8c6a1f548e9a53280965eb0e,SANTA MARIA,CA,SPOKANE,WA
b55df46425c4547ec35e02cb7d324f34,BELLEVUE,WA,MOMENCE,IL
97f53e06497f2531a080b07cfb5d155d,SANTA ANA,CA,PORTLAND,OR
86f363917440991c7000f3262e7da206,OLEAN,NY,MUNDELEIN,IL
03a165649f5642ef8198f56ee167b60c,COMPTON,CA,STOCKTON,CA
2c95e9101b747ba5d30052a3b4736099,MOXEE,WA,METHUEN,MA
1c5adbe13095a4d3d6ac2fb39318395e,STOCKTON,CA,PARRISH,FL
207b4c66224f34226f84d318b35643c5,YAKIMA,WA,METHUEN,MA
151c765dc7b6156d822ce3a36285d19a,SELAH,WA,METHUEN,MA
2970f6ff08d22a327c76ea5e232478ba,NORTH CHARLESTON,SC,LAREDO,TX
f94756727c1891965ee0bc13ab900710,FAIRFIELD,CA,GRANITE CITY,IL
0ef03c53fec265364376f1820ea5da1e,VERNON,CA,SOUTH PLAINFIELD,NJ
4dddc55dac1302a83d9cd581cdfa2b32,LA PALMA,CA,LAKELAND,FL
ca0d8a0c302f713e9873a48b558842c8,LOS ANGELES,CA,COLUMBUS,OH
5e8c2601781b5ff04aebf365dd16ce0c,SIOUX CITY,IA,TEMPLE,TX
895bf3769d18cf23277189a4cbea198b,GONZALES,CA,ROANOKE,TX
a388f244b16e6ca40b71f289c994c68c,SANTA ANA,CA,MONROE TOWNSHIP,NJ
b9c55f04c127188e3a835f1fe395b6ea,ST. LOUIS,MO,HOMESTEAD,FL
3eeb9106d030a16f4f0de7d36b5bbd42,ERIE,PA,PORTLAND,OR
454db9261fb71c38f8f7bd56357e91a2,CRETE,IL,PLANT CITY,FL
27c6a5e68aa2424148f9d8efceb30d0d,PORTLAND,OR,TEMPE,AZ
78b21931d5b5f8b0cf08ac7508a3960f,LEWISVILLE,ID,TOLLESON,AZ
9bfec0a28d3571a18547ef0a77980d57,FRANKLIN,IN,MODESTO,CA
286592708c5938facb00fc50065483e4,SAPULPA,OK,WARNER ROBINS,GA
44e7a311afb6d01362cfc494e9fb1eff,SANTA ANA,CA,FIFE,WA
ca8e9bed1bd932a9396f8adf41e228f7,BROWNSVILLE,TX,SWEDESBORO,NJ
f9947393180f1a0f193d9d7afa478b10,ST. LOUIS,MO,FORT LAUDERDALE,FL
5847e19a1f1d9a8fb4429dc87fd35c38,PORTLAND,OR,WOOD DALE,IL
91559242ba11b154493cd52590a505ab,JANESVILLE,WI,ROANOKE,TX
5b262a4a73980d89291de6925a836795,SIOUX CITY,IA,ROCKY MOUNT,NC
aae95a6362e2113017d4db4766cb3619,JACKSONVILLE,AL,BROOKLYN PARK,MN
225b8c1623480b2af71df7c931ebcfc2,FLORENCE,KY,SWEDESBORO,NJ
51f4d94397e2822865d05ceb95cbfe48,ST. LOUIS,MO,CRANSTON,RI
bd34fe3564d1469165747c41fe6fee5a,WILLIAMSBURG,VA,AURORA,CO
9d7515f6de3da4674ca3a4aeb296cadb,PLANT CITY,FL,COMPTON,CA
273a85f84b1bb3617cd4d233ea3bdc35,DOWNEY,ID,ELMIRA,MI
1c4b78e9574077275621542180e80bcb,HENDERSON,NV,TRACY,CA
68103a9a497c2f6080b9f299629a85d0,TAMPA,FL,COMPTON,CA
6215031976c91e768f255f08c9dd29e9,HOUSTON,TX,IDAHO FALLS,ID
65ffcaa955a1ea0a7637f269994892d0,ST. LOUIS,MO,MONTCLAIR,CA
c0e52f7a5011c9a1e255cc98e1dcda17,COMMERCE,CA,CLACKAMAS,OR
26ad2806575a3b02ed4ef0e344a4e15d,IDAHO FALLS,ID,TRACY,CA
19bce114c767866246a3b0a8005cdaf7,SAINT MICHAEL,MN,WILKES-BARRE,PA
f1d7f6c256631aae3095e845ef2d7d58,NEWARK,NJ,DEERFIELD BEACH,FL
e117a30a16a7350680f34d4fb5ceb667,WILLIAMSBURG,VA,RAPID CITY,SD
b4a17029987489195f3528aafd8f6dc7,LAS CRUCES,NM,RENO,NV
25cd6b4bef3adc10155431a2dc1cf179,HOUSTON,TX,JACKSONVILLE,FL
556e752a86f2f72f7d9d83fddd96a7fe,CARLISLE,PA,SARASOTA,FL
c3dc3f133cd3247778ea1e52d180e190,PLAINFIELD,IL,CLEVELAND,NC
71278ce93adfa518758e570bd1a6327c,ST. LOUIS,MO,DEVILS LAKE,ND
aef728da149c4c6eddb66048b3bd046f,WHITAKERS,NC,LAREDO,TX
f2ad646ab59cbfa0b1bbbda4bb5e96c6,NORTH CHARLESTON,SC,SWEDESBORO,NJ
7eaa45d627e099f36aa3f5d79ba82d8b,JACKSONVILLE,FL,ROCHESTER,MN
824e18bbfebaaabd4d115db64f6708ea,WILKES-BARRE,PA,BOCA RATON,FL
b3fbf99841c558e52ae73660fbf310a8,BELLEVUE,WA,IRVINE,CA
bc625f186fbe066139dbfefa16d675d0,LOS ANGELES,CA,MEDFORD,OR
b2ec08fce5f63f9080d8c72dddb85c74,GRANITE CITY,IL,HOUSTON,TX
394a202b1301eb2539beaff4f8be46d6,TAMPA,FL,LA PALMA,CA
0f3dde4d5123120ce786bfcf8b071931,PEARL CITY,IL,PLANT CITY,FL
03fb1b480214b5eb9598576b94f297fb,HOUSTON,TX,ALBUQUERQUE,NM
3fe71498170cca964eebd7bd4493f2c6,NEWARK,NJ,MONTGOMERY,AL
265d6811421403f7c7ca281e989154f9,AURORA,CO,GLASGOW,MT
c518ad27fe07423a82aef0ef3e7b18c3,HOUSTON,TX,LAS VEGAS,NV
66ac70a1cae66dc30a1d6977cd7709dd,BALDWINSVILLE,NY,MANCHESTER,CT
b510cd2e3376b19e60d05cc8ae13e5a2,FORT COLLINS,CO,MADISONVILLE,LA
ae87e2914eab3e5f33cf4d003193b71e,NEWARK,NJ,ATLANTA,GA
54915af625c9f7f331a28068230f833b,FRESNO,CA,TOLLESON,AZ
17c272c9336eefd4ac1460fcd91b49c1,DUNKIRK,IN,WILSON,NC
c84cf27d089b0042f6e586c852730666,PLEASANT PRAIRIE,WI,WILLIAMSBURG,VA
b8678832c556383cd8f399bc87296453,FORT COLLINS,CO,RENTON,WA
cd3c10398633f971e611e9d7966ac73c,COLUMBUS,OH,CALUMET TOWNSHIP,MI
7b39e792875a7eef97afaea3b67c18c5,GEORGETOWN,SC,SAN ANTONIO,TX
6377a4ffc5be0d5b01a631f98f93b393,FORT COLLINS,CO,SAUK RAPIDS,MN
e3240e2ac8ccb72ce8c134aa81f58096,GREENFIELD,IN,COMMERCE,GA
1d1ddb62f8333d1353262452c4ddb70b,NEWARK,NJ,LA VERGNE,TN
ae98b75bc341d5c21914d7168303f4bb,CARTERSVILLE,GA,WASHINGTON,DC
12b9a2e4c2bd2402dee7f63dc4ad63c7,JOHNSTOWN,CO,GREENVILLE,SC
a23f34e88c1952d967d5935250290985,ELLERBE,NC,NEW WINDSOR,NY
c510df259d25685608f342064e6ca7f3,GRANITE CITY,IL,MARSHFIELD,WI
4736ae4570e014f224e381e18e566403,WILLIAMSBURG,VA,PITTSBURGH,PA
0df1688268f91c48fd6090aaf296e15b,GARFIELD,NM,LOS ALAMITOS,CA
5e8750db8781641b587e7d9580ddd7c1,MERRIMACK,NH,ELIZABETH CITY,NC
659d98817ec657a6905e3ab7d89ac450,COLUMBUS,IN,STATESVILLE,NC
d53de645b7a0a627bc58bb699de16c59,FORT COLLINS,CO,FARMINGTON,NM
7ae65070e8045f16514fe09fbbcd41ba,GRANITE CITY,IL,COUNCIL BLUFFS,IA
fe996a9dc4e720e39a67a86546b64407,GRANITE CITY,IL,FRIDLEY,MN
4a7a4c5049880eac5422bde614290281,PLANT CITY,FL,NEWARK,NJ
4f3610c4101e1ffbf6b2090a183bc645,GRANITE CITY,IL,LIMA,OH
173b948eade00004116202ab020a7ae5,ST. LOUIS,MO,SHANNON,MS
58932f995be7e78b65eb992bdb103e6d,NEW HYDE PARK,NY,MINNEAPOLIS,MN
037665287186addc1b8d9fb28fad8cf0,FORT COLLINS,CO,GRAND FORKS,ND
ccc6c3da41947625df1358571470ef57,JACKSONVILLE,FL,DALLAS,TX
368d85872e5d591c61fbcf28e1dafe56,HOUSTON,TX,MONROE,LA
ae2668b4fc65be93a04101864eb3b818,MEDLEY,FL,CALHOUN,KY
09b55a412bb31a31afc1d5d83151c9dc,AURORA,CO,MILES CITY,MT
204bb9ed205cda23d82e3a91cb33ec2f,LA PORTE,TX,MONROE,LA
bf4f3389300094057b082806c09a5844,JACKSONVILLE,FL,MIAMI,FL
ff1d32e29a37298c04f9036d4d051c40,COLONIAL HEIGHTS,VA,SANFORD,FL
ecbb0f45fbdf138f22f319e5028ed847,JACKSONVILLE,FL,FLORENCE,SC
dee2fd4d126ea9a854f026bfca31250a,AURORA,CO,JAMESTOWN,ND
0e54133890efa9a53c3f8bca35d478c9,ST. LOUIS,MO,ROMULUS,MI
1763129a3e08ac1f79c03ea42ba2af72,AKRON,OH,STATESVILLE,NC
b3295337eeb7c0dcd105e75c17f83687,WABASH,IN,GLASGOW,KY
18ded3ca41bff4053e6e2d932f1ec7b6,BALDWINSVILLE,NY,PATCHOGUE,NY
29d05f48605739dca10983df3e598fb6,PLANT CITY,FL,WARREN,MI
4952e74c8fefc157b92daa4d61e0f427,JOHNSTOWN,PA,NEWARK,NJ
d85961415ff4f022aadd85218bd80c91,GASTONIA,NC,CLINTON,IA
1cc11ce76ab106d6a2e9af4116e87a6b,ST. LOUIS,MO,DUNDAS,MN
b6b17d17ea6cad72372248be190a06c6,ST. LOUIS,MO,WEST UNION,IA
b372bdee4f35c1615e5e9795296107e5,ST. LOUIS,MO,COLUMBUS,OH
95a13cce590ab2c871641b19b42aa4ad,GRANITE CITY,IL,JACKSON,MS
a24743b3c4fb8489183a5bbe127e03f7,EDISON,NJ,YAZOO CITY,MS
fbb38ebba602a42341b2a6ce8c50c204,PORT WENTWORTH,GA,KATY,TX
38372ee362dae4b518e110840862922b,COLUMBUS,OH,ERIE,PA
7600c61cfb1627a291053a8561d1cd95,ST. LOUIS,MO,POTEAU,OK
d595104ececc3b89d7226b758c40afb0,COLONIAL HEIGHTS,VA,BRIDGEPORT,WV
cfff57639eadb544a7f0ffa64aec3a0a,FORT COLLINS,CO,RAPID CITY,SD
ac8f3a3309479a91052734e05b7576ee,CARTERSVILLE,GA,MERIDIAN,MS
6ee0bf19d14d24d1c0fdaa040b2cf7bf,FORT COLLINS,CO,LUBBOCK,TX
cd3e68a71c3407d29c72b4c112a71c5f,CARTERSVILLE,GA,LAKE CITY,FL
2d07b7b3e5590cc6238c0982394cfb3e,UPPER MARLBORO,MD,METHUEN,MA
adb5b5dbd65c2ee59676f0ffdf45cf7c,GRANITE CITY,IL,PORTLAND,IN
34cb42bbba4b4815ad2685a117df2efb,COVESVILLE,VA,JACKSONVILLE,FL
3c2d77c64581cd7db744caba7c70b769,CARLISLE,PA,MEDFORD,MA
054654be0f394ec8e11f9930ab7ac2c8,LA PORTE,TX,FERRIDAY,LA
044f15173388ae6fd6defb1b3bc458e0,COLUMBUS,OH,BAY CITY,MI
464b8a6089357a540be37cf0e59155ac,HOUSTON,TX,CAMDEN,AR
26c97a086ec4d60342a43a968efcbaf4,WAPATO,WA,PORTLAND,OR
cb984660b94eb58f8f0770e487f92b4d,GRANITE CITY,IL,SHEBOYGAN,WI
f25eca467ac1c4cc4ccbdf657f525364,LEBANON,IN,COMMERCE,GA
5b133a3b25a4fd1619c5e8df8b6acc49,LAKE WALES,FL,EVANS CITY,PA
64e3fdc7e86438f917af3f220ba24f45,LEWISTOWN,PA,NEWARK,NJ
d249eb76ba2aa4ea181eccdfc9287d49,DES MOINES,IA,COLUMBUS,OH
75017996fe1a156e00b83df89c6e7b1b,MONROE,WI,SHEBOYGAN,WI
5ac6e0663b851bef347a1de86f7033ce,COLFAX,NC,ABBOTTSTOWN,PA
387748b3d28608eef3ae0d13893a5326,CHARLOTTE,NC,MEMPHIS,TN
27d4d4c5d4f7644125be1d7bb55eb939,CARTERSVILLE,GA,LA VERGNE,TN
59066b3ca43fa2a24265d325c43b4fd0,BOCA RATON,FL,NEWPORT NEWS,VA
18ac2327b94616ef747a65d6d5b97038,BRAITWAITE,LA,HERCULANEUM,MO
a09ebc9bbeed3d20f32846488620207e,BROOKLYN,NY,AUGUSTA,GA
3f7dded301c95f4a7fb51ddb54dbbfb5,VENTURA,CA,FREMONT,CA
835b01e5ac6e372a7a62b63a3e0e8051,ST. LOUIS,MO,HANNIBAL,MO
3564fb7ab716505ac7df38443bdea18e,AUSTELL,GA,CINCINNATI,OH
8dc2e2500c1d623cc5aa514f787bd211,CARTERSVILLE,GA,SUMMIT,MS
0fe8c8d1028f3200882703f52b504570,GRANITE CITY,IL,HARPERSVILLE,AL
f859c19086def5a4c98a16c016a0eed0,CONOVER,NC,SIKESTON,MO
a3750e065ad9c97e086bd317e866332f,PLEASANT PRAIRIE,WI,PEVELY,MO
ae76f561b2ebd52bc9300f7097a8f42f,NEWTON,NC,ROMEOVILLE,IL
22da9ea89496d352e43560d387e5cac2,CARTERSVILLE,GA,LANETT,AL
bf5d443d4cc68856a7c05969e226e25a,GRANITE CITY,IL,HANNIBAL,MO
f36a1280cd1ee3d1a0189a5ecb74b637,NEWARK,NJ,AURORA,IN
77d9c3dc63f3f29d2637f513be9e7c4c,BRIDGEWATER,NJ,ELGIN,SC
92527b7fec23b97220e702ef7ee07754,BROOKLYN PARK,MN,BOLINGBROOK,IL
ac3f3dea0c2dbf523ef13dfddced24d2,QUINCY,IL,LAFAYETTE,IN
bc1147fce191b6a302540b6332228927,GRANITE CITY,IL,MORRILTON,AR
9f54787548f8e3b3fa3850691ffdb62e,HOUSTON,TX,HATTIESBURG,MS
22154ed8caad170af3d9f280056b8e3a,WYOMISSING,PA,MUNDELEIN,IL
cfb7888c6e1851f57d7d416a4003daed,TOLEDO,OH,CANTON,OH
61820fcc99017e10da6cc53ef46db231,GOOSE CREEK,SC,CHARLOTTE,NC
6f46574081e62e31c766bc6561c7afa8,LA PORTE,TX,HOT SPRINGS TOWNSHIP,AR
f8d0c8af95f34743af2e1a8b7e9cc112,PRATTVILLE,AL,CONOVER,NC
a2713aa0d12f82f39c12828e12212f7b,CONOVER,NC,EVANSVILLE,IN
a96db03284ffa0b0cf2b667edec9383a,NEWARK,NJ,AUBURN,NY
ad8ec5c839ba87a5741dc86066debd3b,PHILADELPHIA,PA,ELYRIA,OH
221ab665281792ed51dc725192ab540a,KUTZTOWN,PA,DEER PARK,NY
8e98ae47a33d1e4ccc2ef06213628401,LAREDO,TX,HOUSTON,TX
964869a066f93c25bd99f96a6ab1c3ee,SINKING SPRING,PA,BROOK PARK,OH
c588cebea83e98e10dbe9fd28013151c,JACKSONVILLE,FL,HOLIDAY,FL
efd6a061236033ae9691669c52a50066,FORT PAYNE,AL,CONOVER,NC
405a6f899566ae1a418c6fdae64543d8,WILLIAMSBURG,VA,ROMNEY,WV
d67105bab72f7a3841f0abc1355134d4,EDISON,NJ,SANDSTON,VA
179be1e46ab56200527fe87e0df39e0a,RICHMOND,CA,TRACY,CA
7f746673f1ffa3b891e58950ae1f241c,LAKELAND,FL,PIEDMONT,SC
8fefc5b9e0266472cfb29491a5201dd0,KENT,WA,PACIFIC,WA
1cf77a013ec4b13bb39c8f309cc9e210,NORMAL,IL,DOWAGIAC,MI
e69f7d97b522c84e49030df5512846a5,NORMAL,IL,BRYAN,OH
2d077e69238c312f146ade8313254474,1,LA,HOMEWOOD,AL
a73abdecbbf768e7e340ba51615ab49f,NEWARK,NJ,BROOKLYN,NY
d5674746946567f4a81ec97e29eea487,HOUSTON,TX,CORPUS CHRISTI,TX
3444acb4867b5a8104aa825ef28f6298,GREENVILLE,SC,LACEYS SPRING,AL
2fa646dd93c3b8748629cb29357bcf27,BALTIMORE,MD,SAYREVILLE,NJ
5a80de79437024fb1cac4ed4594cf8de,WILLIAMS TOWNSHIP,PA,NEWARK,NJ
db2c7acb7775919e4320f6c8cd603f4a,BRIDGEWATER,NJ,YORK,PA
12aeb02d6169de69835d1847a6bdb4c1,TENNILLE,GA,VIENNA,GA
93ae84fe9854921e8b80514f13280116,PHILADELPHIA,PA,FLEETWOOD,PA
04147bc70821119ed6c7897ce48abcfe,MOUNT VERNON,OH,DAYTON,OH
c90c78d217e6e9fc93ce4fa2a14ec8b1,SAINT MICHAEL,MN,MINNEAPOLIS,MN
4f1ff6e6ab1aa593c89c32363028a792,CARTERSVILLE,GA,FOREST PARK,GA
6d4af6f0e81ee166822f548e50514a70,PERRYSBURG,OH,TOLEDO,OH
af979abe2904f39137defbd9e0c9dfaf,CARLISLE,PA,GARDINER,ME
4841d7a7cc270f624783d9f86d7df6fc,ROME CITY,IN,LACEYS SPRING,AL
b3fcf34e09458dc2508a4ab7682f4ab7,TIMBERVILLE,VA,POMPANO BEACH,FL
effd42ed77edba3ffe470ad885cd4cf7,WILLIAMSBURG,VA,ROCK HILL,SC
7fe50086b15b5781e68fca0aa9e63e19,PORTLAND,OR,AUBURN,WA
b0e6053aec7c69d4910862d7d3b4f63d,RIO RICO,AZ,PHOENIX,AZ
0461c887f37f1f9468381b52b7a834cd,PARIS,TN,DANVILLE,VA
dc12e894385376d81ad863758015f099,COLONIAL HEIGHTS,VA,DAYTONA BEACH,FL
cd1cbbe3381b1a55b259e68a0a033304,TAFT,CA,PACIFIC,WA
9b47eb149df98a347ebaecbc6ea9a1cf,OXNARD,CA,IRVINE,CA
6e712ddb850c6e2ead224a9a3f7ce486,AUSTIN,TX,WAYZATA,MN
eac3e9eafc7b0dabd19009d019384276,BOLINGBROOK,IL,TRACY,CA
c910caaa9f190a3f2e4505f25780f5cb,FAIRFIELD,CA,JACKSONVILLE,FL
943f18067fa6e3ed8f26f8d0e1b1b7b1,COMPTON,CA,PLANT CITY,FL
15c2d4c81ca0d2d9e77b13131d159ce6,SHAFTER,CA,PLANT CITY,FL
75de4d8c398f83c70f6cafcae1c2f59b,LOS ANGELES,CA,CARTERSVILLE,GA
e1ecbb16fe2d256dbea002cc6c7f5780,KINGMAN,AZ,METHUEN,MA
abb524b6e69e31c0636292a09e9193b1,PLANT CITY,FL,STOCKTON,CA
a4566872d25e43bf20ee5bec8af04ef4,YUMA,AZ,ROANOKE,TX
bd5b0ea620e10bc032ae4bd402ae11c1,TOLEDO,OH,PORTLAND,OR
629b6ea0e8da1552e6949726fc709a1b,PORTLAND,OR,MEMPHIS,TN
44f7a28ed946a7fcfa5d2dfd47b6ff3f,PARAGOULD,AR,RENO,NV
d49ac29bd4b283d184a09d826f3bb887,CARSON,CA,MCDONOUGH,GA
c3051c9606cfff74637c50d9a0e658e3,BURLINGTON,NC,SACRAMENTO,CA
ed6c2cd838bf0732b02aeb3f5791cf0f,COMPTON,CA,FOREST PARK,GA
bca58e5c2186168062a5b71ca1a62c67,CANTON,NC,LAREDO,TX
1a83512fce9397648dcce03443ee52e1,EAGAN,MN,MODESTO,CA
955fe0515cacd1e76847a8cc6111f0d3,WILLIAMSBURG,VA,MIAMI,FL
266f57da86f14244f75f9398fa147346,RIO RICO,AZ,DENVER,CO
980daf679b61664c58e608bda1192f2e,PITTSBURGH,PA,SALT LAKE CITY,UT
aeb44367ecf585ec737bc6d142acd100,HOLIDAY CITY,OH,CARTERSVILLE,GA
75113f34a1c271ac2328b3cf3d010ef0,NEWARK,NJ,SANFORD,FL
f8b2a937c1fc9fc2160254930e5854e9,ST. LOUIS,MO,PUEBLO,CO
58c530cf87a861ac8a71e6f236f38633,PLEASANT PRAIRIE,WI,CARTERSVILLE,GA
69d67f1f812a468871962c366dbf775a,JACKSONVILLE,FL,AURORA,CO
ff9f890201fe335eb38161ce5487217e,BEECHER,IL,SANTA ANA,CA
fcec476fb2c3590136e11939ef2af531,GEORGETOWN,SC,ANAHEIM,CA
00e16455a8a0dc3367cb9ac6f4a67f57,SIOUX CITY,IA,BROOKHAVEN,MS
4db70102660229bc028807383c8f97cd,GREELEY,CO,HOUSTON,TX
c7a1f6f3354941766c2a0219edff50b3,LOS ANGELES,CA,AURORA,CO
5528a5292c3a3530c3fd0e97d3f1a5c8,BRIGHTON,MI,STATESVILLE,NC
e07176fe5a9d46b0198138b09ba1faab,DECATUR,IN,LAREDO,TX
9a605a9351fe7abe23b0bffbbdfad545,PLAINFIELD,IL,SWEDESBORO,NJ
b06eb282a9562ae78842c172fbde273d,ST. LOUIS,MO,PIEDMONT,SC
876cb6719f5d96da45fbe01b13b2b826,PLANT CITY,FL,MONROE TOWNSHIP,NJ
540b98a5acfd428e1f08b82ed4149383,GREEN BAY,WI,BALDWINSVILLE,NY
088a59b58f894811572bbb904938853c,BALDWINSVILLE,NY,IDAHO FALLS,ID
2b0e9c3e3f052f3bccf16bccc3f68c8a,WINCHESTER,VA,POMPANO BEACH,FL
e8f42818ea924c46ba899b09dd0cccf5,SAINT ANTHONY,ID,BANCROFT,WI
a76e036fc48c7788461e8c71bd4870fd,FAIRFIELD,CA,KALISPELL,MT
f91863fa40c6530d2fe9573b74814d38,CONOVER,NC,LAREDO,TX
fe8bf6046c3c249161aefd3c71db9427,GRANITE CITY,IL,SIOUX CITY,IA
3180c9ec8dc3cf9d987dfe855e575b49,FAIRFIELD,CA,SALEM,OR
2f8afe60bf9f84c4ebd2df1e89c6225f,FORT COLLINS,CO,SALEM,OR
e7872f6d1dc582ba18e98bd5528d0b7c,NEWARK,NJ,HARRISBURG,PA
46deb73cdb939b2f8609bb9085280305,FORT COLLINS,CO,DURANT,OK
9f3ce6ea3ed9347e9b99a1fdab41c0b0,GRANITE CITY,IL,ALPENA,MI
4ee464ca317df5cbd4eebd7f47f750c1,GRANITE CITY,IL,OKLAHOMA CITY,OK
7a7ef710ec50f8b5dc48dcd07ddb4203,LA PORTE,TX,AURORA,CO
923c4ae3c6d5f45b47bad4063e629dbf,ST. LOUIS,MO,OMAHA,NE
826c780ecb53e29e4bc1d5e0abc04185,GRANITE CITY,IL,GRAND FORKS,ND
8eef58c7ff312db788c7169fc05fd003,DENVER,CO,TEMPE,AZ
17b5b1b5cf2284afc9bacf6bf65033a0,ST. LOUIS,MO,MONROE,LA
a48f792e824cb61ae875fb1a0d43b092,PITTSTON,PA,BOLINGBROOK,IL
73382980630aa63fcddcdba8a755dc92,AURORA,CO,MOBRIDGE,SD
b345b0287653bb096238794d12b7cb7f,ST. LOUIS,MO,WHEELING,WV
b4c7248c2e81e5b751975a5603bf9a0e,ST. LOUIS,MO,LEESVILLE,LA
1b445ac06be3f1482743bd968173e97f,AURORA,CO,GRAND FORKS,ND
e59ec235379b5123537d0f65915a39d9,ST. LOUIS,MO,PARKERSBURG,WV
388221c9c86725e8baf9bb4e763a5d51,ST. LOUIS,MO,METAIRIE,LA
a1903df30e7123130a3bb065e14ff9d9,NEWARK,NJ,ORANGE,CT
afcef6f9c3ba2e39a518bf2abea2c1d2,NAPERVILLE,IL,MEMPHIS,TN
cb31f03b603ce029b5e46d710f737870,BALDWINSVILLE,NY,PITTSBURGH,PA
ccd022cfcb648e62a7288c4d43d1c7a9,COLUMBUS,OH,YORK,PA
58d8d7b66f23f3e5dcee93650e62caa2,FORT COLLINS,CO,KINGMAN,AZ
c16b19965d5a389b996f6a1713227005,WILLIAMSBURG,VA,CHARLESTON,SC
40168ee8da119a9483a6937366bdd276,COLUMBUS,OH,WARNER ROBINS,GA
9c2de09f3e3f8dddb5e9de10436cf034,WILLIAMSBURG,VA,GAITHERSBURG,MD
2f554a171ca294ee3a1df6ece0a63351,NEWARK,NJ,MILFORD,MA
f4a65d46444c79149eb9280c7a1b334b,ST. LOUIS,MO,SMOOT,WV
22a6040a29288081ad22a8225700ff31,XENIA,OH,MEMPHIS,TN
ba3b3cfb5ffb1ceb7bd41b2494de75c7,COLUMBUS,OH,CHICOPEE,MA
8d68baf2dd0bba52c5423ab6a4d2fbb9,COLONIAL HEIGHTS,VA,HUNTINGTON,WV
952dbd6015efd2e98ce1b0b0e7b93026,ARREY,NM,FORT WORTH,TX
7c063bcbe6a982da31bbf04bdb7f0f40,CANTON,OH,MEMPHIS,TN
c113d35861c3427d6851b618fac32d6a,BURLEY,ID,FIFE,WA
6f856c1b7d2dbfb1234a51569f4148db,TUSCALOOSA,AL,CLEVELAND,OH
913a1448a6317bb0747860d8e84cf6d8,GRANITE CITY,IL,HURON,SD
756c74ce34e76620978e465e33631c1a,DENVER,CO,CHARLESTON,TN
6d9e66d28dde36dd693012c186ea93cf,DECATUR,IN,MEMPHIS,TN
6e9f7431cf3987878caedc98aef50dff,FORT COLLINS,CO,BOISE,ID
87d5c72c7607744588f5ca2e8bd5b806,NEWARK,NJ,FAIRMONT,WV
88a6a7842bb5dcb8fe1c0e2bc167d769,CARTERSVILLE,GA,LAKE CHARLES,LA
7fd500398e19d3bfbd9ee2c0abe8c3fe,MERRIMACK,NH,BALDWINSVILLE,NY
00e25851174c8b9f42edb2932aa6c561,HOUSTON,TX,SAN ANGELO,TX
c57d44967589c41a907c5df158aee644,ST. LOUIS,MO,IRONWOOD,MI
59817a01fb46c8e0d44392def837a4a2,NEWARK,NJ,LINWOOD,NC
3b455b8b8ff806a6d50d40cbaa131f95,ERIE,PA,CARTERSVILLE,GA
67b37086e941b8d1d883a9e6015ecf07,GEORGETOWN,SC,WILLACOOCHEE,GA
7548a613b9330cb3c2a9efed054cabc5,NEWARK,NJ,JACKSON,MI
b63d2c05eaa9c622325cec8b94254fc9,LA PORTE,TX,MADISONVILLE,LA
848402b01d85808aff3fc218ae6989ed,COLONIAL HEIGHTS,VA,BRISTOL,VA
f6b1400fab7be5cd3f1a285788f8c585,AURORA,CO,CEDAR CITY,UT
6f2dca7633fd5dcd1d365b0ed8b8fa77,HOUSTON,TX,ODESSA,TX
9977b22da1933bb18b6390f6dc53b1dd,ST. LOUIS,MO,LA VERGNE,TN
1c8a214da2af6cdbb3bf2cd746304238,AURORA,CO,HUTCHINSON,KS
0c77d4e25a6229e36c80569d5d3a6965,HOUSTON,TX,LAFAYETTE,LA
7311d3bf03f352879f15e2517d2ee7d4,ROMULUS,MI,ATLANTA,GA
50583be701d8330ac655437b5c27ba84,BUFFALO,NY,NEW BRUNSWICK,NJ
e4ed2be581c39f1fd37718710ab0b172,ST. LOUIS,MO,OLIVE BRANCH,MS
d20c2df6f6883ac8192d1a81aef92988,IRVINGTON,NJ,CHICAGO,IL
152ea38a92783baa5d54e036eaf54f7e,HOUSTON,TX,LAKE CHARLES,LA
b11e3eb8d93a220dd0f7b95d8ceba0b1,NEWARK,NJ,JACKSON,TN
8c0fc199ba75b36360e7bad03601af7b,ONTARIO,CA,TOLLESON,AZ
a23377341117ac0c2d00155ac8e92aff,LA PORTE,TX,ALEXANDRIA,LA
42f43ba609234edc9dbf7f1c77403537,WILLIAMS,MN,COLOMA,WI
0109882aaaaa6d40ace31e13dbd972de,PHILADELPHIA,PA,GASTONIA,NC
cb227224aa1f99d3ab75b8428e413cbb,JACKSONVILLE,FL,GOLDSBORO,NC
3707f8c9ef19ffca1aa849e447a275e5,CRANBURY TOWNSHIP,NJ,NEW PALTZ,NY
c6e8166c20757eca6d6bf77bf4d2c182,SOUTH WINDSOR,CT,BERNHARDS BAY,NY
7b270a49101589a8870b35470bb01849,JACKSONVILLE,FL,ROCK HILL,SC
f9cc9a7f79cad888017381c170d3dda1,TUSCALOOSA,AL,FRANKLIN,OH
b47c05d424911d98a44973eec62b5db0,HOUSTON,TX,HOUMA,LA
c887fecd5a834a64970cb6fc61356640,KNOXVILLE,TN,WAUCONDA,IL
b7b4f04e95b553571d179aa76ec2f544,WILLIAMSBURG,VA,JERSEY CITY,NJ
f31269670fd0ecb4e9e9c565bbd5736a,ST. LOUIS,MO,TRAVERSE CITY,MI
87154b5bab9c6a25afbcb08f9f0710b0,ATLANTA,GA,ROANOKE,TX
b2a9962e118eef568273621f3b1671fe,BURT,NY,PENNSAUKEN TOWNSHIP,NJ
ac0583806be34c4e9b0e1d9c9675ae5f,FORT COLLINS,CO,STEAMBOAT SPRINGS,CO
786d840f1195b8a0d215f90b67fb7bac,CARTERSVILLE,GA,SAVANNAH,GA
5fb3698758b3060ccd1dd7692c82b873,PESCADERO,CA,COMMERCE,CA
3cb8f7c0e565383702c71e031bf49a06,GRANITE CITY,IL,WEST UNION,IA
58138d752021138acc0a2aa8c3a535e8,FAIRFIELD,CA,VISALIA,CA
9b6c7e400fb655e00fd9f4f0d9e38dcc,CABAZON,CA,TOLLESON,AZ
bb90df7fe1d27f69f9cb618b17b423f9,NEWARK,NJ,WARREN,MI
a4a9a61e94f1ba158dbb7dde524efdcc,HOUSTON,TX,ABILENE,TX
eb38e9727823504a93e1a0422dfd53d9,JACKSONVILLE,FL,LOXLEY,AL
daad0fb59959303f8b3eac99f53d173c,BRAWLEY,CA,DELANO,CA
932851a7c013d2c1b84f843c7cfb0dc2,LAREDO,TX,MUENSTER,TX
65d8ece7b7b318abd1d726a59ee59692,GRANITE CITY,IL,NEW ALBANY,IN
ba28517ce3d50ce49cead84c5df16592,LAREDO,TX,DEQUINCY,LA
078ac505155fded50813578518a47aa0,AURORA,CO,OMAHA,NE
5ac240967a6da3ef5909e025c42a723d,EL CAMPO,TX,SNYDER,TX
5057a7d51ab83e90acab7fae0aa4528b,CONOVER,NC,WEST CHESTER TOWNSHIP,OH
ced9b60a964465af7e5fa546f839ccb0,WILLIAMSBURG,VA,WILMINGTON,NC
03086e87e7f22ff21dff356ea329a7d1,LONG BEACH,CA,STOCKTON,CA
9d91133b79221e9f39619a08ece7b26d,CARSON,CA,STOCKTON,CA
0d69241a06e14475ec14d7b1d7272f53,WELLTON,AZ,BAKERSFIELD,CA
161fc2a7c75e55f47c1cbf5a68e26c95,COLONIAL HEIGHTS,VA,MORGANTOWN,WV
702fddcea717844d45b4952714163ed2,FAIRFIELD,CA,SOUTH SAN FRANCISCO,CA
0246c67aefe1b0b7345c4597b4e85528,WENDOVER,UT,MERIDIAN,ID
449859b6d2a8417d9c1632d453908cbf,LATHROP,CA,TRACY,CA
47a620e4bd4aa624122188bd013962c0,SIOUX CITY,IA,NORTHFIELD,MN
054b6a7a3b454a1a17206ef7034d2ae9,WILLIAMSBURG,VA,ELKINS,WV
3f294e7b3737efefbfa1ab0cd542fe41,READING,PA,OLEAN,NY
f47e23c46340dfb8dca344a9cbf4cc7d,PORTLAND,OR,UKIAH,CA
bb8dcb3f78081e3f5a4efeda65d0a1b1,LOS ANGELES,CA,TRACY,CA
c0959e677135a4699667908ab7d24054,HACKETTSTOWN,NJ,YORK,PA
02f52b9e7cffb449392bf79fadd7dde9,LOS ANGELES,CA,WATSONVILLE,CA
485bb9e33d5e4700aa0cdd954818ca3b,INDIANAPOLIS,IN,CLINTON,IA
b736b4d9ea22f88a95003db910ad09c2,JACKSONVILLE,FL,MELBOURNE,FL
9ac39dd4769c25d236628f081d042265,LEXINGTON,KY,GASTONIA,NC
d6713b150e52244d8558daca9cd29024,HOUSTON,TX,SUMMIT,MS
d968202f65025ca1472768844d126b24,EDISON,NJ,AUBURN,NY
783d2017e08ab66088055cbadd096185,JACKSONVILLE,FL,CHARLOTTE,NC
c47084bd02a6d17b32b5ed2c4deb286f,1,LA,BIRMINGHAM,AL
fcb23b4c052e8f13e6d0724c6f1db884,CHICAGO,IL,ALTON,IL
ac3fc63828e751f0b5b62a55dd0d5138,FRANKFORT,KY,CLYDE,OH
7b7e913a2b9738486c75bf90a833ae6e,READING,PA,BROOK PARK,OH
ff37569e73d37d7663bb6d056d5d6383,BOLINGBROOK,IL,WOOD DALE,IL
2eb406cf2be4605c5294e8f47f8ce3b2,CONOVER,NC,CLAREMONT,NC
3ff413b4fde31c167d9bf094c3515acf,BALTIMORE,MD,BERRYVILLE,VA
8f00a07611a4425807fda96f67b0285c,BROOK PARK,OH,READING,PA
ce2bd32657608cbaf2e24b3581c250eb,BALTIMORE,MD,ALTOONA,PA
f76f7fcf32398a9497f649eb2efb15dc,NEWARK,NJ,WILKES-BARRE,PA
ba28060a97cac8b4bff444f383debe5a,BRASELTON,GA,LACEYS SPRING,AL
2b017464db44c0c8bcab47afd0fbcda8,CASA GRANDE,AZ,COMMERCE,CA
8346a470d448c53c7f167afaa99eea36,DAVENPORT,IA,NORMAL,IL
24443e044b110d9b25b77415a5322494,BOTKINS,OH,MOUNT VERNON,OH
44bde3922dc6be0cc50de3bb926588e0,COLONIAL HEIGHTS,VA,WELLSBURG,WV
49b0fdd251579b0c0e682d0a10be7c77,ST. LOUIS,MO,FLETCHER,NC
3bfe39ec92205d7b065b08335a979c34,LAKEWOOD,NY,STATESVILLE,NC
81d35e84cb3dd2829019e08e74c03b58,LAREDO,TX,PASADENA,TX
9222f3b8e6dfeb9f2f3616243f80d384,FORT COLLINS,CO,CARTERSVILLE,GA
1f19039cdbba0a8b24f204fc64ee29eb,FAIRFIELD,CA,MOBRIDGE,SD
9537eb29c16541e2b63e0cc134b7bdb1,GRANITE CITY,IL,ALBERT LEA,MN
485ea864fe02206df9c331c308b844ab,RICHMOND,CA,ROANOKE,TX
2b8d6d65d323b4313332b5f355253183,ONTARIO,CA,ROANOKE,TX
80aa43a1063149a82c81ec566167251b,PLANT CITY,FL,MCCOOK,IL
57501f7ac0464e50f13c399f9630bf50,SAINT ALBANS CITY,VT,PLANT CITY,FL
5ea262340f8bd38e75fbaf4dde4cb198,CONCORD,NC,PORTLAND,OR
367a8cfc980dcdea56651d6934330571,PHOENIX,AZ,PACIFIC,WA
5bc14ad4bf0308423d565b212b75dbd6,PORTLAND,OR,CANTON,OH
e6fa625d5f34f693ed095c7c1676376c,MERRIMACK,NH,JACKSONVILLE,FL
2461b7d2a662ae1202c7896a5ab3d590,DEL RIO,TX,MOUNT HOLLY,NC
76192718102c710f6b07ee2f21060e01,LOS ANGELES,CA,LA VERGNE,TN
e8317cf0b101d2aee0f9a61049513ff6,ONTARIO,CA,LAREDO,TX
ab41edf1e684c0b658b54a4603a6bf90,FORT COLLINS,CO,JACKSONVILLE,FL
f395693ac1b210d628fed155db2df293,SANTA ANA,CA,LEOLA,PA
ff5074f005d893a2481ac5fcd8cb7684,PITTSTON,PA,PORTLAND,OR
54170ab125f74ec47235319585fb753c,SIOUX CITY,IA,KISSIMMEE,FL
69eb6bdac105856c40b94b569c5fc7f7,SANTA ANA,CA,MONROVIA,MD
1dbd685e69dd76c641132b7e10305f01,OTTAWA,KS,TRACY,CA
42745f89452d4543e1f345b7f0d57012,PRESCOTT,WA,DENVER,CO
e891a07619479293a8bf184f06c50916,CARSON,CA,MONROVIA,MD
2221404acb85ea2aba356344520a5f31,TRENTON,MO,LAREDO,TX
b7f2f54e619b9bb32dc5ef5fcbd7b6f5,ST. LOUIS,MO,CLIFTON,CO
a7dd9ba605b3a16fe17d5e9b94f26a6a,BALDWINSVILLE,NY,BRONX,NY
0150b8da5bf127950009dcd14df2817c,TOPTON,PA,CLEVELAND,NC
1613bc94a2f2defb83e33c9d244d962f,GENEVA,IL,TRACY,CA
31f5b063c0a4aa1a5d123ba6930aa525,MARICOPA,AZ,METHUEN,MA
3ed88ea3667fa9a5e3c955b43b19a7a9,DICKSON,TN,PLANT CITY,FL
84bccb2a52cdfb8bac408cc9b04e55b4,AURORA,CO,KALISPELL,MT
0aa5f96a32f4e8f5e7d575c13d71db7f,CARTERSVILLE,GA,PORTLAND,OR
cbd9c994700bf2ef1fc575af623b4d16,FORT COLLINS,CO,SHERIDAN,WY
aebab797d60abe9f81e4bf4891c0a3fe,MONTE VISTA,CO,PLANT CITY,FL
26ff625e90f8ce7eba52acc5e40b1ce1,HOUSTON,TX,CASPER,WY
de8dfcbfebb047a4d4ef3c8c69cce812,LAKELAND,FL,COMPTON,CA
f052be0ce3f7cb18ded805ab02fd84a5,LAS VEGAS,NV,CHICAGO,IL
565567bd8c456dcd6e7b7fef503ef491,GRANITE CITY,IL,ANDERSON,IN
736282184ec8e1dd2bf17180a80a6e48,NEWARK,NJ,HOMESTEAD,FL
bc4710471e981f56b81024bb81df302f,JANESVILLE,WI,TUCSON,AZ
20d2a183d1fcbd52e4ffd8bd1601e548,ST. LOUIS,MO,WORTHINGTON,MN
02f84bd13de0f0545e1395c267acc31b,BALDWINSVILLE,NY,SANTA FE SPRINGS,CA
13224927559df704bd6ee136b5d56273,PLEASANT PRAIRIE,WI,SAPULPA,OK
11c1e9d64c38d9bba46bd86adf08ff47,RENSSELAER,IN,SWEDESBORO,NJ
0e40f390083f657743845e89588e6779,LATHROP,CA,DAVENPORT,IA
a6ac10b3b5af1aba4a264054f59720d8,JACKSONVILLE,FL,MERRIMACK,NH
1bf12a49941190c3d2271f489114544f,AURORA,CO,HAYDEN,ID
c903be354bac8d3455206d34fc5b95ed,PLANT CITY,FL,WOODBRIDGE TOWNSHIP,NJ
2e208fa2b4e27459d96ade8daad8b41f,JANESVILLE,WI,HOUSTON,TX
64cfcc01be97b94f8fab19a422944d53,GRANITE CITY,IL,MORAINE,OH
ba90f091b227eab9868bde12ce1cdabe,FORT COLLINS,CO,PUYALLUP,WA
03cb4a6d39574aa75016c4f34a58480c,HOUSTON,TX,ST. AUGUSTINE,FL
c40cfa1d8a0ca5fa57d19e1d0e31a6ac,BALDWINSVILLE,NY,MERRIMACK,NH
60a8339541d10f304d4631f946d0c5c2,SIOUX CITY,IA,BOLINGBROOK,IL
90bc5645ce4e9a372334a112e10e5b84,HOUSTON,TX,MELBOURNE,FL
eb31b1b814b368bf15131723ebcad1ea,LAREDO,TX,CONOVER,NC
aa1ab14b356763d3a75206fd7699e1ff,GRANITE CITY,IL,FOSTORIA,OH
1e45e6b659b025d3f6169722e5fc55d2,STACY,MN,READING,PA
3cb6cb0216043350fc25fe97ad6b2108,PLANT CITY,FL,NEWINGTON,CT
5f1391303ae35fffcad592cbfa8f2fc6,WALLED LAKE,MI,EL PASO,TX
6476f6fadc47dad04d156f74310003b4,FORT COLLINS,CO,MILES CITY,MT
9fb7d223e3cc3c8b46e9bb39b0a33db1,LA PORTE,TX,LOS ANGELES,CA
5d682cb875cd302806017566d3e826cb,WALLED LAKE,MI,LAREDO,TX
2cd18fc8d2baa4a81d91ca1c36464fdd,WILLIAMSBURG,VA,PINELLAS PARK,FL
fb6450be5b089af9cc60c065b79d97ed,GRANITE CITY,IL,MANKATO,MN
7871c5b0f233a39073fa8ce2b3efe685,BRIDGEWATER,NJ,MIAMI,FL
f022b112ac2839860e2d3cc19f1d1174,CASA GRANDE,AZ,JEFFERSON CITY,MO
5fab6130db85f1b09acba2071e17b20b,GRANITE CITY,IL,ROGERS,MN
4b24a1835ed563335cd79612395f43a8,WILLIAMSBURG,VA,WINCHESTER,VA
895251eabde22cd83a9b510112a9a76e,ST. LOUIS,MO,DECATUR,AL
e57c8d9796224202e855bb19d3306a66,BROOKLYN,NY,PLANT CITY,FL
9125b7d5fb7dbb3a3ebba73068798231,WILLIAMSBURG,VA,NORCROSS,GA
09bc6a6ef74712ae5726e09a421a78cc,SOUTH JORDAN,UT,TOLLESON,AZ
a88248274a4f1c0494cb520e2b7fa852,GRANITE CITY,IL,INDIAN RIVER,MI
266701fd2452dbde94262099bb91da0a,STATESBORO,GA,BROOKLYN,NY
43dc33a0e8cd91acd444f40a8e92fc50,COLUMBUS,OH,MARQUETTE,MI
aa913e48e071e1419fac718347fcf6e3,LAKE PARK,GA,HYATTSVILLE,MD
0286cf2bf82f9708f7e3b74bd103a9bd,AURORA,CO,HAVRE,MT
cb73919d254ccc9cc26461653b585fb7,HOUSTON,TX,EL PASO,TX
daed3982fe6007abde6b2ef7f1838f1b,ST. LOUIS,MO,HIBBING,MN
fd7d1073f832a4d8a6defd93eeedb5fc,WRAY,CO,DENVER,CO
07f2c2a615be26a1b9a762345d4fba02,COLUMBUS,OH,JACKSONVILLE,FL
5107576ce3a645c908259e3ac44923fd,GRANITE CITY,IL,KNOXVILLE,TN
daa757916b4fd5b7a99efbb74f5cbee6,ANNAPOLIS,MD,BALDWINSVILLE,NY
d5dc5f55c8381c7a03ac2c002d388a5c,AURORA,CO,BOISE,ID
a054c11a672b650ba638640cd2f218f8,COLONIAL HEIGHTS,VA,HOMESTEAD,FL
5f30f553763324d58f26891ee2817eda,BALDWINSVILLE,NY,NEWARK,NJ
784ad3fc6326bd1358b89934960aff94,COLONIAL HEIGHTS,VA,LOXLEY,AL
f23a76d101677b51c79b56cd793e95f3,WILLIAMSBURG,VA,LAKE CITY,FL
95b68a4cb9fdd4c7a42a267c11154474,CHATSWORTH,IL,ROSEBORO,NC
6f930d21bf5db175d2dfb3ec0badf8ad,BRAITHWAITE,LA,CLEVELAND,OH
e57839d490c6fe9d3b88ec681053cf4d,PLANT CITY,FL,BROOK PARK,OH
8ec745de36964205ec1789d735ec0348,SALISBURY,NC,MEMPHIS,TN
ba1dc68b0943ac2ca81c2e9283a7141a,WILKES-BARRE,PA,COLUMBIA,SC
79bff083daa2ef0d18dac1f2605e2d50,AURORA,CO,TULSA,OK
4ed5d59e02ce41e916dbcf60e26c5217,HOUSTON,TX,ALEXANDRIA,LA
0d150014252db32e6393c72a2ab79682,LOUISVILLE,KY,NASHVILLE,IL
f7cdc459b90820ce52cb8c1990f3a46e,FAIRFIELD,CA,EUGENE,OR
45f29dd3766d51cb955237da950a27e7,BALDWINSVILLE,NY,LEWISTON,ME
7ee9c07d9453a08ba70a7bfe3d3c9a5d,GRANITE CITY,IL,SAINT PAUL,MN
77515b538c41dc1ca9448bc5d5585c79,OPA-LOCKA,FL,CALHOUN,KY
5b498c71208312ecf03190ea1299c95b,TRACY,CA,TOLLESON,AZ
2be28bccb85ebc12e479faef60412a74,TIMBERVILLE,VA,MEMPHIS,TN
70f4a987387726d80331c29fbf26479f,WILKES-BARRE,PA,JACKSON,TN
d9679ff4b944b22e8f8bdebfa437c139,ST. LOUIS,MO,TULSA,OK
aebc2bed77284309b69d1799e0518964,ST. LOUIS,MO,WEST MEMPHIS,AR
95bfbd9ca452ea886de9870c0f44a70d,WASHINGTON,PA,PHILADELPHIA,PA
3dff4f154d6c76cfbafccb12b306a3e8,BALTIMORE,MD,SYRACUSE,NY
fbe51cdf45b1e67b523278ad2c57a6ba,CASA GRANDE,AZ,FREMONT,CA
50e9ba04cf00937dc47411acaeb85c43,CARLISLE,PA,ORANGE,CT
2ebdaeaebf4900dc912bdc296904348c,WILLIAMSBURG,VA,FLORENCE,SC
44ac601d81b72ae78819f947173b5e71,FORT COLLINS,CO,SEDALIA,MO
59274e7dd6632a87ca3d394b6bb69a22,FORT COLLINS,CO,LEWISTOWN,MT
e0629d51832795a0701f967c2e4aef77,DUNN,NC,MOONACHIE,NJ
c333ac2523024c41d58e70602c2e6845,OPELIKA,AL,BRYAN,OH
c718eed04078250e6b034b579f618c34,GRANITE CITY,IL,VICKSBURG,MS
d73c549694082008c280e929adc1f04e,COLUMBUS,OH,FREDERICKSBURG,VA
bb99a1afb2a430376bdec859fdfd90ee,AURORA,CO,SCOTTSBLUFF,NE
d87ff6423660faaf2715696fab593c63,COLUMBUS,OH,JENKINS TOWNSHIP,PA
2e14a101962f080be4c321896b405658,LEBANON,KY,MOUNT HOLLY,NC
50672a68a30373657a76768cb6519703,ST. LOUIS,MO,CEDAR RAPIDS,IA
3b0f23bbe6ca55559dca2248e726c43e,CARLISLE,PA,CARLSTADT,NJ
8f3cd122145bb76be265ae4048fcd6a2,PARIS,TN,GASTONIA,NC
a66a6568bcb70171b37b116c202c68db,ZION,IL,ATHENS,TN
c1d1c2b698e9aaee1cad00790a3fc2a1,HOUSTON,TX,NATCHITOCHES,LA
26882cf4977c060d9cf387fd046f08f1,SINKING SPRING,PA,GOUVERNEUR,NY
b501333aaf91d8aa6d6537241616a47e,FORT COLLINS,CO,PRESCOTT VALLEY,AZ
749740122ff366ec99d8c7b1773fa801,GRANITE CITY,IL,CEDAR RAPIDS,IA
2bf1ab1b9ba4a8208460135042b812a2,IRVINGTON,NJ,NAPOLEON,OH
48061ba37579a595f9c57f1be5ddc00b,NEWARK,NJ,JAMESTOWN,NY
2f4f68d563feef06fb3a141cbca7527e,RIO RICO,AZ,LOS ANGELES,CA
065f18c27d4ff85d988807d3f549d9c1,NEWARK,NJ,STATE COLLEGE,PA
1dea26c87a86db97aa09c05c39f2f5db,JACKSONVILLE,FL,COLONIAL HEIGHTS,VA
2e0dc0f400e3158746f31b2974e1d43c,CLARKSVILLE,TN,CLINTON,IA
236d7bd488b7aef75706cdfebf985d81,FORT COLLINS,CO,YANKTON,SD
36890b3e97fac664900ca9bace4a2e8f,MCCOOK,NE,DAVENPORT,IA
07ad4b2c090c87236ed79798fc4357ac,LATROBE,PA,WANAQUE,NJ
eeb81b85ecfa7f874d3f2b4e6631bf2a,XENIA,OH,WOOD DALE,IL
65a5e5b349e8677d9d52b752b196c601,JOPLIN,MO,ATHENS,TN
2d4621b346d01d5063264cf9d38c1b01,PORTLAND,OR,COMMERCE,CA
a4f1e7e8a7ac0aed50ca42579fa751ef,LOS ANGELES,CA,VISALIA,CA
48069aa3b868ba7e5e6ce17d41134b87,PITTSTON,PA,QUEENS,NY
4bfc11ea802ce84d199f76d9c96ff32c,ST. LOUIS,MO,ROGERS,MN
63951bc01a801616799c4c69d37fb214,SPRING VALLEY,NY,WATERBURY,CT
93be691c5d1624fa695c91c6694599f5,LONG BEACH,CA,LONG BEACH,CA
1223ef3fd40c8f77f5eb0a1e25a43b15,SOMERSET,WI,CLINTON,IA
0af4a7037c64b253d0d2ad135fb56f8a,WANAQUE,NJ,ROCHESTER,NY
f308f5ca508d938dcb71587c6e6792f7,MARION,VA,YORK,PA
6893199f125789e3f43e9315e6ba0c5e,TIMBERVILLE,VA,FOREST PARK,GA
5cff4716b9f4c0e1f379e2290188d562,HOUSTON,TX,HOT SPRINGS,AR
9d6f63c93e35aa3ed430fa604f094264,COLUMBUS,OH,HAGERSTOWN,MD
f14a2ef30ebbed1a3c1325c2fd7ba80a,PARIS,TN,CLINTON,IA
a6ce7b88cf92d70d2b32a80ab5fbb370,HOUSTON,TX,BEAUMONT,TX
b9bcfd88c61fdbc12e65e41d3e9e9ed9,READING,PA,MUNDELEIN,IL
134b70cafea677faef48442cf1ce6d0e,DELRAY BEACH,FL,ASHEBORO,NC
fbb25644d53bf166361cf6944edd5537,BURLINGTON,NC,YORK,PA
8de81a985124d25a4616e449735ad2ef,COLONIAL HEIGHTS,VA,WILMINGTON,NC
359a52af78951288acc029169336347b,AVON,MA,WESTFIELD,MA
7badb4adfa12520bd7c0c4deb4b9dcc8,PORTLAND,OR,TRACY,CA
153c19210b32d3d46c9748acc170a05f,SIDNEY,OH,LACEYS SPRING,AL
f560e334be46a5afa7134746c6a53345,MEDLEY,FL,MONTGOMERY,AL
1897f9054dabec4926ca0062b7ce5124,HOUSTON,TX,GREENVILLE,TX
3d78a087ecaf591531deac933f85a73f,CARTERSVILLE,GA,COLUMBIA,SC
cba5073d26071e911c2decf9bb7e3ede,WINCHESTER,VA,EAST BERLIN,PA
c4cf82ec07826ad5bc447fdb6e593357,BALTIMORE,MD,LORDSTOWN,OH
f3edc9d0bdc3bb41a0807a8607109528,CHERRY HILL,NJ,HEBRON,KY
4b025bd194c2e8bd036f376381917549,PENNSAUKEN TOWNSHIP,NJ,FARMINGDALE,NY
cea192d75860ce8aa9226f44b56f0b96,MCALLEN,TX,HOUSTON,TX
04d2059fce95c078489c1e425022d851,HOUSTON,TX,VICKSBURG,MS
522cad39e6fc3ce72324218ce1ff93b5,COLONIAL HEIGHTS,VA,LINWOOD,NC
bcb1ad4393cebd38d8984e396c15b2b5,WATERLOO,WI,WILMINGTON,IL
b81b5ac82c78527fe104d05dd8dbfbb9,LAKEWOOD TOWNSHIP,NJ,GASTONIA,NC
dab739028747578d1672b3b510a8f9ce,SACRAMENTO,CA,TRACY,CA
bf8591c32fb3a4ecc7102a874d0ab6be,ROANOKE,TX,OPELOUSAS,LA
5f2bf1a7160fa2a479a83050313ad09f,PHILADELPHIA,PA,FLORENCE,SC
7e4c5792d715fadc8db811f857c5fa6b,ST. LOUIS,MO,BOWLING GREEN,KY
f3086ad7fc0e64c6abf0745fcb4b85fe,JACKSONVILLE,FL,TAMPA,FL
3aeaf7c7dac4f42d27ebfcb5483bcf51,COMPTON,CA,IRVINE,CA
81bf0bad3419634d3dca9adf6d3ecccf,HILLSIDE,NJ,AUBURN,NY
b8ed86e8e51d701521ffd9adde6a3164,JACKSONVILLE,FL,BOWLING GREEN,KY
4d221a214ec58c8ce000b83efd99a5ba,NEWARK,NJ,OLEAN,NY
93724c77d898e1910232e2f6b7f168f3,POMPANO BEACH,FL,ORLANDO,FL
4549645668943cf9903f1430bdcb35c6,JACKSONVILLE,FL,BIRMINGHAM,AL
ebea21ee17253aa54ececd2e10df1a84,COLONIAL HEIGHTS,VA,SALEM,VA
a319a6f8ccbd67d8b3d91979a6cb1f8f,PLANT CITY,FL,CLEVELAND,TN
bacf0b5fd06e4ac60d930ab7edf58058,CARTERSVILLE,GA,HICKORY,NC
8bcc752494bc57f272ade3493ac8249c,PASADENA,TX,COMMERCE,TX
6b5df88036ad68a965c89d12584b4707,KANSAS CITY,MO,CEDAR RAPIDS,IA
1128930db30ca7efa6342acbbfb221a5,WESTFIELD,MA,AVON,MA
a223bbc553c9fc1cbc98e6303611579b,JURUPA VALLEY,CA,IRVINE,CA
67a254fc9df8bae341323769b54aff22,FORT COLLINS,CO,NORTH PLATTE,NE
777d0c8feeaef2738dfc97d0b5e75d8b,GRANITE CITY,IL,DIXON,IL
15b779cca0fb78c5b839e354c34a1226,PENNSAUKEN TOWNSHIP,NJ,YORK,PA
c49f5c9fcad176616f7e4a297f0e65d0,JOHNSTON,RI,NEWARK,NJ
d7c5aa330a08ee92124a9df3cd511dda,NEWARK,NJ,FREDERICKSBURG,VA
f56b38d42763060693fdaa9e3a5129ca,ORLANDO,FL,LACEYS SPRING,AL
c068c8ed2c34561c8381013c9a632538,CHESTER,VA,GASTONIA,NC
17f042015d9d0d6ddf21cd441d9b952a,OMAHA,NE,KANSAS CITY,MO
c9e29bb77b6340677ef18e956d583d09,EVERETT,MA,NEWARK,NJ
97642c7ea756de5e9195e08df4c7f764,NEWARK,DE,PHILADELPHIA,PA
da4428de015a1c58505b0c060bd711fe,CASA GRANDE,AZ,SAN DIEGO,CA
3878d68922e624e676761902daa31b5d,CARTERSVILLE,GA,ATLANTA,GA
742f40b9aba23192d936db2a3bb05269,ORLANDO,FL,PLANT CITY,FL
f1116a389a83332243c6e36f53a159c2,SUNNYVALE,TX,ROANOKE,TX
ac8c169499996cc806fdedada8e4e3b7,FREEPORT,NY,BROOKLYN,NY
dc50e83309c83a40b71caf958c5f68e5,JAMESTOWN,NY,TOLEDO,OH
a1a3e3887c6769bbf49b9976288221b1,MIAMI,FL,ATHENS,AL
7ada851c5c4782a32d4665cd5b689073,HARLEYSVILLE,PA,HEBRON,KY
a09ac60f59231206d8927d6631ba6cc0,ST. LOUIS,MO,OSAGE CITY,KS
9d6c0843d8473f0555cfd304b863c5a3,DEL RIO,TX,CANTON,OH
4cec7861dc3bb34fc82892bbd958daf0,HAWKINS,TX,CANTON,OH
5c1dd38e0548c5a8642714db3ec7ab20,OLYPHANT,PA,BERNE,IN
cea4e012ddddfa951d651de51bf7fa99,KENILWORTH,NJ,MOUNT CLEMENS,MI
b878ec9f5600cc16eaf36ea4bcb3bf96,GASTONIA,NC,REIDSVILLE,NC
2ce0d6c8bf18b10ddac77dc98ba9dec5,LAREDO,TX,MEMPHIS,TN
deff4df84b36dd153ea1d65c80fa3dc1,ANDERSON,SC,WARREN,OH
bea0e10fb2cbae6ef40d3a8af8b5ef96,MCCOOK,NE,RUSSELLVILLE,KY
e255e754ecad8c8eed3f51ac0350b068,LOS ANGELES,CA,CLIFTON,CO
9c5ef8a6db10085315a7e0aed00bcae1,FORT COLLINS,CO,ELKO,NV
fb508c5ef332673126f8335bc35daff5,BELLEVUE,WA,EPHRATA,PA
c037903986be28f0a392740362ea7d9d,FORT COLLINS,CO,INTERNATIONAL FALLS,MN
97840e8b05ed1226ba39face68197978,LOS ANGELES,CA,PORTLAND,OR
af50e1e174f44b2ca08bd959fb11f5b0,ETOWAH,TN,RENO,NV
65d5ab81a2a9d2e5d69b5c17dde0d7ba,MAXTON,NC,PORTLAND,OR
d3d8f6de1d586b28cb6c0b9d4633fc5a,YAKIMA,WA,UPPER MARLBORO,MD
e51850e95f3355e20e4f77c0797170aa,STOCKTON,CA,PALM CITY,FL
d49ba0fe47e5dd299b4e2581b98e4bb8,WAPATO,WA,METHUEN,MA
801dab1b9df792a52fa1202a41d2276c,ROCHESTER,NY,PORTLAND,OR
eea77ed129a475ac0596a4dbf07203ff,FAIRFIELD,CA,MIAMI,FL
58769eb729dc7dcb8624540f3a0a5205,RIO RICO,AZ,SALT LAKE CITY,UT
8f4d6ac8a10484ee16b8d5e162f6f122,PITTSBURGH,PA,TOLLESON,AZ
7641c7a9f5010a8e4761c82741277c9e,BOWLING GREEN,OH,LAREDO,TX
c5eebd330baf8f6f19f299ea3cdd7d36,BROOKLYN PARK,MN,LAKELAND,FL
d90ac7cf1c2fbef72575257fd3880111,LITTLE FALLS,NY,FORT COLLINS,CO
ebd2145204e0117eb93ae77bdd2aa783,SANTA MARIA,CA,SALT LAKE CITY,UT
827baaedf0711aa8496dfa45687c8335,NOGALES,AZ,SPOKANE,WA
81dd7996b4f316480ec84d700c50b75e,ST. LOUIS,MO,MISSOULA,MT
cd2daa45c9c0bdceef019c6d97b386ec,LOS ANGELES,CA,LA PORTE,TX
31c28f9bf7ecde6f06cc27158beecb15,NEWARK,NJ,TAMPA,FL
3f48f61217c51206e5d30bdec78c7855,SIOUX CITY,IA,PITTSTON,PA
c4d0e1874cc86695ef8588f983946e0e,NEWARK,NJ,PENSACOLA,FL
e2d3d6f903682aab0136c2d3e0a395ba,ST. LOUIS,MO,EUGENE,OR
d47950ac3d76e5e895f254029d8413a0,ST. LOUIS,MO,TAMPA,FL
b8f9f65768cc5f49174eb70aaa3933cc,FORT COLLINS,CO,BRONX,NY
0c180012b05b376cd8c8a049b269e635,PLANT CITY,FL,QUEENS,NY
37e0609248ef1e2c0412b93eed199ec5,PLANT CITY,FL,HAVERSTRAW,NY
1112b4914166a2039fc77c99a25a49ae,PLANT CITY,FL,SYRACUSE,NY
8ed01f50f99a0837866f6b964d13865c,PITTSTON,PA,DEERFIELD BEACH,FL
bf689362a26c27a3e66c4f6835ba3b58,KENDALLVILLE,IN,MOUNT HOLLY,NC
fda47d73f8bbb1624ffe9405037de985,FORT COLLINS,CO,PORTLAND,OR
66a67faac5dd0b62c57bbd3a1610a73b,BETHLEHEM,PA,PLANT CITY,FL
45b15905c008775c109d9864868494ad,CONOVER,NC,NOGALES,AZ
7f73ff75146fc6988df187b71b67e873,NAPERVILLE,IL,SWEDESBORO,NJ
eccce5ff6944aabd83085ee8af08b529,FORT COLLINS,CO,GREAT FALLS,MT
4528f318830c532308a2ff5cd104d49d,BOLINGBROOK,IL,COMMERCE,GA
5e46b59b6ee3b245ae153ed4622fddd6,SIOUX CITY,IA,LUBBOCK,TX
53115d1f45602c6527394d2bbccc4a91,PHOENIX,AZ,MILLWOOD,WV
660ee8d304323f593c1318b61a23a32e,PLEASANT PRAIRIE,WI,FORT COLLINS,CO
e595e491d7f01ed1549a7d7a7eb0ddf1,HOUSTON,TX,RIFLE,CO
c6979193b3606c5258a536a3b8cc44b5,ERIE,PA,PERRY,GA
0c605cb3bdfb83ef1a3b16eb3e0a204f,BALDWINSVILLE,NY,GOLDSBORO,NC
f6a42f87ff958df27df580b8b0682b24,FORT COLLINS,CO,UPPER MARLBORO,MD
b4b88de317649402bcf67cd3fbed4587,GREEN BAY,WI,WILKES-BARRE,PA
dd4dab09edd41946b7eb4c3b263c2153,GRANITE CITY,IL,ROCHESTER,MN
82ebe9902b55dc0191ee2ab32a99354f,SANTA ANA,CA,SUMNER,WA
b8367bfd8379d5cdfb6320b586325a9c,ST. LOUIS,MO,NEW WINDSOR,NY
d7a58080dd1a34a013cd7345c0bf25f4,GORDONSVILLE,VA,MEDLEY,FL
975328ca86272a6e637b91a22c195dff,ST. LOUIS,MO,YAZOO CITY,MS
2d840966dd2eee972343630530f39c4c,PLANT CITY,FL,MELROSE PARK,IL
af650a998f60f6b9a4638817a5572b67,ST. LOUIS,MO,JAMESTOWN,ND
a067be22b78bc7671e52a83765e61ae1,GRANITE CITY,IL,CHARTER TOWNSHIP OF CLINTON,MI
1d0093526fb4ee6f5bbe30983ff5829a,GREENFIELD,IN,YORK,PA
dc850859dbac1fa599919b3bd2bde22b,HOLIDAY CITY,OH,ST. LOUIS,MO
1888eea6380c35d5b91a526b9dfecea2,BALDWINSVILLE,NY,COLUMBUS,OH
c0b6207feac4bfdf73609f0ddfa3149f,LODI,CA,PACIFIC,WA
376ca55be3a5923675ad3cf0d04dcdcb,LAREDO,TX,MILWAUKEE,WI
7acee9f82bcb831df559a0a07c4abfb2,COLUMBUS,OH,PEORIA,IL
33df383fd238ee79a0c163087f8e8c9f,NEWARK,NJ,SHIRLEY,NY
3e26e5a8550bdaf2ee16cd8ca6610354,PLANT CITY,FL,DALLAS,TX
00012ceb84b83b8048af14b37fe64615,BOLINGBROOK,IL,MEMPHIS,TN
5943a34fcb36894d92e062a13086a0ad,FORT COLLINS,CO,SPARKS,NV
5660d6174d656af216440f7d7fddb0d1,MADISON HEIGHTS,MI,MOUNT HOLLY,NC
8a7e9d6c6e36ed347310b22be5793ec7,JACKSONVILLE,FL,COLUMBUS,OH
01743a3e07a003189b6782afe655da71,MCCOOK,NE,ROSEMOUNT,MN
63c106c066e7fff2bb1647051afe8394,STATESBORO,GA,BRONX,NY
33d5feb3e3255e12665854bb7ae50dc3,LOS ANGELES,CA,YUMA,AZ
67fd71f3fda5ac3aee34e0078135f7df,GRAPEVINE,TX,HOUSTON,TX
dda3c4593b1453a251ceda2c6c581855,FORT COLLINS,CO,MISSOULA,MT
a20291bd55eb6adeb3f2395781711493,FORT COLLINS,CO,MOAB,UT
62a4aeb7e08cdfa94fe084a05714a121,CHARLOTTE,NC,SWEDESBORO,NJ
4625faaa66c5937c8f0c376bcdd1358d,COMPTON,CA,SACRAMENTO,CA
71ed0a4846221d5fc1400addb74ea75c,PLANT CITY,FL,LEOLA,PA
06b0a4ec968a7d6a1acb99f265bbcf0e,ROMEOVILLE,IL,YORK,PA
2826bc295acbad98d8a44a9ac6b34439,AURORA,CO,HURON,SD
df09576fa82b9c194b0fd697d04f7a00,HOUSTON,TX,AMARILLO,TX
0025d6615e65aeace3579a40d1337430,GRANITE CITY,IL,EAST PEORIA,IL
a6097059ab683433a64c8de987eb14d4,ST. LOUIS,MO,SCHOFIELD,WI
9d152ed8f9d0143dad543feff18d99c1,MOUNT AIRY,NC,MEMPHIS,TN
491f419d109d9ddb3157edd9cf41896d,GRANITE CITY,IL,LAWRENCE,KS
7534dca8e864a3dbd86a45898954b082,CARTERSVILLE,GA,MOBILE,AL
e3765ec3ef4c8338dbe27157c73ebab3,LOS ANGELES,CA,CARSON CITY,NV
b7ac0003ee20411f269c9277e69287b2,HOUSTON,TX,LEBANON,MO
79937fc7830f17bf3e8e52d7a9e4cea8,AURORA,CO,SIOUX FALLS,SD
5d260b6908b69a505a8318edd118d570,COLONIAL HEIGHTS,VA,ORLANDO,FL
9c17ed99ad3bfe4efdec171bb014d966,DENVER,CO,LAS VEGAS,NV
db3836df75c88e11d180b1131936aa89,MEDLEY,FL,ALLENTOWN,PA
1cde5c9f1e7fd001bc3938b79ed0acaa,CARTERSVILLE,GA,CHARLESTON,SC
bdf557b4707a8b036a845cdd9c651c8d,WILKES-BARRE,PA,LEXINGTON,SC
d0b6392470eded371cd930754bf495d7,JACKSONVILLE,FL,HOMESTEAD,FL
51d2a091571f37518fdfdfc688316525,BALDWINSVILLE,NY,OAKLAND,ME
6fa90b027db8308d3a5acf0477b40478,COLFAX,NC,WAUKEGAN,IL
fbd05caef1477aca50af7de85dfc754a,LA PORTE,TX,ALBUQUERQUE,NM
157de2ddbe384ecb08a1a20df71929b0,NEWARK,NJ,WINCHESTER,VA
db676f1e19707c12c369028bea1a48d9,AURORA,CO,WILLISTON,ND
44a5081ecf5d1fbb4c6ad49b5450b042,LEBANON,IN,YORK,PA
753a30f3a84486c5d7902758caff1443,LA PORTE,TX,NATCHITOCHES,LA
ed66cf2b1db3143bc94193558a41d319,COLUMBUS,OH,LYNCHBURG,VA
8407f774a9e4705f31a0109ca3547a56,JACKSONVILLE,FL,NAPLES,FL
ef3b772c15ccefa4051f1041fe8f6259,COLUMBUS,OH,ROANOKE,VA
20ea77f44121fa854a94c42a0502f4f7,CLAYTON,NC,TAMPA,FL
a90c6292afc021740c5c3d5227214252,1,LA,BRAZIL,IN
e0831a166902972e436a3d0a0be41eca,KENT,WA,SPOKANE,WA
caf22e30b7173bcdae772327cacff215,HOUSTON,TX,LOXLEY,AL
5c990493d9425b768a99a58758dc8d4b,JACKSONVILLE,FL,COLUMBIA,SC
d21ca17576595945fa07abb40d97a44d,LOS ANGELES,CA,RICHMOND,CA
ef8d5c58f37a3b1bde91d63126c0c070,SPINDALE,NC,SIKESTON,MO
35fd521d5730b123e13e2eaea7ffca93,DENVER,CO,LUBBOCK,TX
ad6240d2775301307e354323bbee2dc8,WYLIE,TX,LAREDO,TX
40cde60deaee092421e86330fe38c13f,LA PORTE,TX,LONGVIEW,TX
d869a6a17b307472fdc403d101f9c26c,VERNON,CA,TRACY,CA
a2e272c56b26d6819328efe4017f1a5c,NEWARK,NJ,HIGHLAND PARK,MI
92cb6ada9e56b257240b8303e4f69996,AURORA,CO,LOGAN,UT
ba1eb94375d720b0dfba8baf0f554e68,COMMERCE,CA,FREMONT,CA
cd6517a2ef690d14588296fef630ca5e,CARTERSVILLE,GA,BARDSTOWN,KY
3d16b8b5596eca1ca527e3657fe0cd2d,COMPTON,CA,GOODYEAR,AZ
47bff45a93ffc1c6d0d1612227a20ed1,EL MONTE,CA,TEMPE,AZ
d737dddbc53c7821846b85cfe3e45e03,CARTERSVILLE,GA,GOLDSBORO,NC
6298f7e1419d3ddf65603bd46ff584c3,SHIPPENSBURG,PA,UPPER MARLBORO,MD
69cbd5250c09ab772c2984de2c34a081,WILLIAMSBURG,VA,TRENTON,NJ
d9889ead8f940ac6c56d9c88e9723b64,GAINESVILLE,TX,LAREDO,TX
5f153dda7744544d224b3daf093caa78,FORT COLLINS,CO,WICHITA FALLS,TX
a30a6870911c8a6e2409669a94f37a8b,PARIS,TN,NEW HAVEN,IN
f0dddddbd86c534845adda03b4cc9f3c,GRANITE CITY,IL,AURORA,IN
32b31ef4d6778ac2b7241b86c675c045,COLUMBUS,OH,MUSCLE SHOALS,AL
274718f7e224ea543d6706e4736eaf0a,BALTIMORE,MD,CLINTON,NY
b45ea5743977dc06dddc8eae97271225,LINDEN,NJ,FREDERICK,MD
b432e4b56f36ebf982cba7f84d5474d4,ENGLEWOOD,CO,PONCA CITY,OK
69b2253082f3a9100fb2368d28634aa8,CARLISLE,PA,ANNAPOLIS,MD
6a98be046f5f86a6678c73ce46770118,MARTINSBURG,WV,FLINT,MI
28c60b879ed7899c675a107440d18bfa,PHILADELPHIA,PA,PHILADELPHIA,PA
dc6fb07716cc2172fc96cff877c75b48,BRIDGEWATER,NJ,ROCHESTER,NY
02eaa0fd689cac0a9a63d1d2de8df76f,MILWAUKIE,OR,PORTLAND,OR
850fed36bf9e56b608b57ac94d941cdd,ATLANTA,GA,GASTONIA,NC
22c83ad665bc7f7ba80b086c82e22596,LIVINGSTON,CA,COMMERCE,CA
c0599d128e03d726595d629fa9d45b2a,LONG BRANCH,NJ,YORK,PA
acd4e8cf347e97a2a98f390bad5d9686,TAMPA,FL,LACEYS SPRING,AL
5308756e2eb1ab6944e3fb6520d2e3f7,MORRIS,IL,GRAND RAPIDS,MI
77ed9b4b17200fe6b4c31581ee630874,BROOKS,OR,COOS BAY,OR
ae5dfcee4fcfb88ed72f7f69dfaf905b,WANAQUE,NJ,SAVANNAH,NY
f1408cb4b7649b9852d2eeefdc3e33da,JACKSONVILLE,FL,MYRTLE BEACH,SC
cfabee2aaccc195656f04c5a55381a40,FORT COLLINS,CO,COLORADO SPRINGS,CO
fc597a5d11546d9a53a32118873ef82a,BRISTOL,PA,KANE,PA
04d6107e0fc075242fa89d2bb9784168,SAVANNAH,GA,GASTONIA,NC
2de1ff91004cbf88f259cbc041627eb1,COLUMBUS,OH,PORT HURON,MI
7e898d4eee3f1cea094add21adb922a6,PLANT CITY,FL,COMMERCE,GA
1f5d8ebf0e1f474ea3f371b27aadd148,PLANT CITY,FL,ATHENS,TN
941057220a3d9ed834d639105ff37cf3,PHILADELPHIA,PA,NEWARK,NJ
e987433e820ed8afdbf25ee56c56381f,MIDLAND CITY,AL,LACEYS SPRING,AL
4eefe1ecd07e0a81a58185bc80a50ef0,GRANITE CITY,IL,VILLA PARK,IL
76387a640cb4aa88d1fe6f8ce2ecb2c0,NEWARK,NJ,MOUNT VERNON,NY
da4fa0ec4d2c9fddd91b59c9d152e8b1,STAMFORD,CT,NEWARK,NJ
02ff142dba4d0229d58576022e6b3c6b,GREENCASTLE,IN,WINCHESTER,KY
94e28a9a5f9ec5f98aaf8fd82ae88008,COLUMBUS,OH,OWOSSO,MI
6b8602df60413e188364405a4ec983ac,CARTERSVILLE,GA,TULLAHOMA,TN
e110c303c382b65628f3e9ab46f17c05,CARTERSVILLE,GA,HUNTSVILLE,AL
3d691569d2935ba729a145e4fd67d120,WELLTON,AZ,GARDEN GROVE,CA
818228cdc83353e914da5257f964dc59,SANTA ANA,CA,JURUPA VALLEY,CA
b9073a269cd64063959952b5b1b3c33c,QUEENS,NY,NEWARK,NJ
6dbb5e659d11ee33ab08901dfb43b803,NEW CASTLE,DE,MIDLOTHIAN,VA
e3e4e46e74830dbf67f5fe7c269f3ec9,KANSAS CITY,MO,TROY,MO
4d04711d32a9a556ff2ba6b71bb902c5,ORLANDO,FL,COMMERCE,GA
d08b4d8ecf7a9d25d10df638820d6c05,BUSHNELL,FL,SAVANNAH,GA
19d14175c7012d385b3c6d70b80ef27c,BROADALBIN,NY,FRANKFORT,NY
945e88b2ac376980a05d536324a1c99b,PARMA,OH,MOUNT VERNON,OH
839ba55f064ebfcda0ee04268e012931,GREEN BAY,WI,NEWARK,NJ
26cdb89ee93d15f90fcff1cb1e6b67ab,LATROBE,PA,SYRACUSE,NY
4fc5b5c8a42fca20bcc09722811eae60,FORT COLLINS,CO,BELOIT,KS
faa35b38f15c4f6250ef0b6057b531e7,FORT COLLINS,CO,SIOUX CITY,IA
ed0367adc95b0351fb17eb41142b1dc5,WANAQUE,NJ,SYRACUSE,NY
d10a41742e03bb704635bfecba9027c6,NEW HAVEN,CT,NEWARK,NJ
42ddc39f30cb26a8c458fb67dbe240a7,CARLISLE,PA,WEST GREENWICH,RI
4142ae233fa952c540f7531ea81e34f6,WINNSBORO,TX,ROANOKE,TX
58459152f127bdcff289c148d9258f53,OLEAN,NY,BROOK PARK,OH
2be74a3d07830a2428b47fbba8abb890,BETHLEHEM,PA,SANTA ANA,CA
8784556dea91e864c90c937d8a47e50e,SANTA ANA,CA,PLANT CITY,FL
2c4a31cd53e55cec8b8e2b4f108d8ca4,LOS ANGELES,CA,GREENSBORO,NC
775d765b658e0543544bcba0a29fa432,LOS ANGELES,CA,RALEIGH,NC
333a6920cf3db4fcbd3317857d19b093,DECATUR,IN,PORTLAND,OR
123d700e69742aded5ddce3b64cbb80a,OXNARD,CA,EAGAN,MN
d4dd1c9710a419117094c6d2fb9e36a6,FRESNO,CA,METHUEN,MA
767e56b9955adcf587bcf8a8b894e695,WOOD DALE,IL,STATESVILLE,NC
84ff255bb2076af6fbd679977226d165,FORT COLLINS,CO,NEWARK,NJ
d2d259893af2fcee90f4015c2ffd9f30,DUBLIN,VA,LAREDO,TX
fbf1dc6935bd3d77bdade20b039d78a6,EAGAN,MN,FIFE,WA
886c468f46c41775dc256b78f3df4779,FAIRFIELD,CA,CARTERSVILLE,GA
ce5b70de84e807408eaf7fc521c6b03e,BATAVIA,IL,RENO,NV
150abd77ee619ade6601b8c358da1d5f,LOCKPORT,IL,CLEVELAND,NC
c6fd64731545f982a3768eeab38c5477,BALDWINSVILLE,NY,BOISE,ID
59cb89032b449e1b7fbed1a077da9ad1,BOLINGBROOK,IL,WELLS,ME
b0da58bcc88ecb3cb69cd525cfc69d9b,JACKSONVILLE,FL,BRONX,NY
d5800fde7565d25d2d0d4ff21593a093,BATAVIA,IL,SWEDESBORO,NJ
ea32aeb024a14a37388f2063da9891f2,PLANT CITY,FL,SCHENECTADY,NY
c8052e57319025261d93f7dc642f2d6e,GRANITE CITY,IL,NIAGARA,WI
944d25e0bf5d3866dbcaa5b78603cd4b,CARTERSVILLE,GA,AURORA,CO
54452356dbb0f56f19a7761e6a54654a,GULFPORT,MS,UPPER MARLBORO,MD
01932bd5dc92e856a7cc5af1c2b8de6e,LOST HILLS,CA,PACIFIC,WA
dcd9bc5a9668d609d296f2a2bdea45f6,BOLINGBROOK,IL,SWEDESBORO,NJ
e7e885b1c78d0401cc77915c2e46b7b1,HOUSTON,TX,PLANT CITY,FL
bbbdff8aa3707ae255c4a72b03552a00,SYCAMORE,IL,PLANT CITY,FL
75402f3b98cd635f7be501dcb939118b,GRANITE CITY,IL,MUSKEGON HEIGHTS,MI
644416311560302b7ede6ffe7204a88e,SIOUX CITY,IA,NICHOLASVILLE,KY
9c207d3d299faf25451d0ed3183876a7,ST. LOUIS,MO,PENSACOLA,FL
d7ba0e49254a3ca18ec860431f2c617e,HOLIDAY CITY,OH,BALDWINSVILLE,NY
33a387a6ad5bd02d72b3e4b364e1b013,WALLA WALLA,WA,NORTH SALT LAKE,UT
67267ac6157c9f73227b48176673f13a,FORT COLLINS,CO,GLASGOW,MT
9c424ac8fe02eeb4cf9713b80eea1d3d,ST. LOUIS,MO,LA PORTE,TX
c0e99b7b431391c6d3bd7a15479685d1,LACEYS SPRING,AL,TULLYTOWN,PA
98a49cba5d4c132f6c35cb5f95b14cfb,GRANITE CITY,IL,PORT HURON,MI
d73deab2d68980bd63b1c30617f1b3f3,PLANT CITY,FL,YORK,PA
249419c8fe168e6a127b367d8cf89e7a,NORTH SALT LAKE,UT,ROANOKE,TX
0f27ce18ffbb3ef85b2056dcf98b8571,STATESBORO,GA,PHILADELPHIA,PA
e83cec2f7f129f24162ba812c4496d5e,GRANITE CITY,IL,ROMULUS,MI
6097d53ca7fcfaa542b293a95773adac,SPRINGDALE,AR,ROANOKE,TX
b8fb7e2a41b9fc8062e7a4e5652dd983,PLAINFIELD,IN,SWEDESBORO,NJ
4f0b871c4e38b0bcb29851dc6158f0ed,FORT COLLINS,CO,OKLAHOMA CITY,OK
5bd8eab19d031beb8513a210eab5b858,SPRINGFIELD,TN,CHARLOTTE,NC
e516a21577fd9e34c5d8f7acce12681e,TAMPA,FL,LOCKPORT,NY
3d92569c8042d65639a392ec9d5c1817,WILD ROSE,WI,READING,PA
d79ccafa54a9c27f01a44fc40648b5dc,HOLDREGE,NE,RUSSELLVILLE,KY
645d6f6a618bcb87d3f925742bf28ca9,FORT COLLINS,CO,TRINITY,TX
627b8464c39b4ee7339643c135982bad,CARLISLE,PA,NEWARK,NJ
ba0f72b90564088a32193ec5a9371ced,NEWARK,NJ,BALDWINSVILLE,NY
3be12d76e710911ee34ddf811a6f92c8,ST. LOUIS,MO,INDIAN RIVER,MI
0079249579eb57ef57f6f6a4b4056900,GRANITE CITY,IL,FAYETTEVILLE,AR
86ad0d527ba9defc276dbe4518c22242,FORT COLLINS,CO,TEXARKANA,TX
da7474eca296da379aedce16d3a2e3d7,GRANITE CITY,IL,KINGSFORD,MI
041cf60947ed6b89fe89762776470577,LA PORTE,TX,ABILENE,TX
7c3edf0901481820cb4f28d050800cc1,CONOVER,NC,MCKINNEY,TX
9ccda29f576b619a8399de89d067aaf4,ERIE,PA,BALDWINSVILLE,NY
1932c2b843ce840afe175d933e3d4225,ST. LOUIS,MO,CAMDEN,AR
a89f6b9fe37136b7b4814344c5665963,BRIDGEWATER,NJ,GONZALES,TX
6ac71245522a99bbb381e6dc2246c82f,GRANITE CITY,IL,BAD AXE,MI
a0be909696d51623f0c1c8412018d85d,FORT COLLINS,CO,MOORHEAD,MN
dc724cdedebf29b0ba1822d9fecc3316,GRANITE CITY,IL,LA VERGNE,TN
2a965439859c7f43b0340ac17a812051,FORT COLLINS,CO,MINOT,ND
ca5501635ca696038f260370d8bb6c0f,LEBANON,IN,AUBURN,NY
7804e6c4ddce5226b6da37a7ed3bb853,IDAHO FALLS,ID,SPOKANE,WA
8fdda58feb657b15946e37a10aca9a20,AURORA,CO,SALT LAKE CITY,UT
4e2d04c6c7dcfad6c2a1a097759e21e2,ST. LOUIS,MO,LAUREL,MS
cc0d3d4b3813d78a1908c91d4fe51900,FORT COLLINS,CO,VERNAL,UT
7aba1c4d6e906d52033a646328ef5950,ST. LOUIS,MO,FRIDLEY,MN
9bbc93798de960e7afc618f8a12f1cf2,BRAITWAITE,LA,BRAZIL,IN
a5bd2c092f4147fe043bb7eef65ba1f6,AURORA,CO,LENEXA,KS
f2c14a47621a26e4f7c3fc23a78948a0,CARLISLE,PA,MANCHESTER,CT
067c2e46bbd9f036d59c504da109fa0e,WILLIAMSBURG,VA,CRANSTON,RI
64977fcaa62fe32c194158c7a8dbde5c,ST. LOUIS,MO,ALBERT LEA,MN
48e0a969f7ae7178d56a26dd401805db,GRANITE CITY,IL,EAU CLAIRE,WI
29895f022abeb6df8edfa3b6d20b8c88,GRANITE CITY,IL,PERU,IN
172388352f5bdc83c59a6086ef9ba1b0,BALDWINSVILLE,NY,WILLIAMSBURG,VA
370e7e2a25ba1b5d905157bce36d5d63,AURORA,CO,VERNAL,UT
e3780e34884436e3bd34e68b905c807f,NEWARK,NJ,CEDAR RAPIDS,IA
c43f5fce7ed404ffcd7f4324d13de7f1,CARTERSVILLE,GA,LONGVIEW,TX
acaded461767ebef3864a047beef24ef,CARTERSVILLE,GA,OCALA,FL
e492d6449379f8365cd78be9a72469b9,WILLIAMSBURG,VA,SARATOGA SPRINGS,NY
9705e325c7e09c24ed3ff426d0b15b45,COLUMBUS,OH,DANVILLE,VA
d76b67889173975a34c4dd45732749c2,FORT COLLINS,CO,HAYS,KS
7419091aa41e11ad3d3ee48587a721d0,JACKSONVILLE,FL,MERIDIAN,MS
bfcd7d88220eed6026bc105312661298,SANTA ANA,CA,MODESTO,CA
8249b492a8fb19b2e195a61bfe26a10c,GRANITE CITY,IL,MUSKEGON,MI
1878cae3d59282bd04aa1b466f0569de,JACKSONVILLE,FL,JOHNSON CITY,TN
0ee7f6a730164bd00f90198de1faea90,KNOXVILLE,TN,CLINTON,IA
005c525418fb49c319207e1ed99f2bab,ERIE,PA,NEWARK,NJ
be104c741d7ad52e9cd7b1ffaac98243,MOUNT AIRY,NC,BUFORD,GA
353342c0780c7aafa81e7b0b3ed6804c,WILLIAMSBURG,VA,GREENSBORO,NC
7c2c4a5a8d99bd2e3106680888a8314c,GRANITE CITY,IL,KOKOMO,IN
22bf9664ca444954969f4d1b8367d96d,HOUSTON,TX,HUTCHINSON,KS
44dfc65491a4b9b18f1b4ce9cb10f054,WALNUT RIDGE,AR,MASSILLON,OH
aac888af44fb07768813c3c48c0fb741,LA PORTE,TX,AUSTIN,TX
ab05ecab0f7dca39fc91f584a061c902,HOUSTON,TX,GULFPORT,MS
d8c8f492d1f86959cd5a02e8b610dbfa,HOUSTON,TX,ROANOKE,TX
eda509e28cf15cef680b8128804e8b02,CARTERSVILLE,GA,PENSACOLA,FL
8985a277e1c47e0009e0dd18130077da,NORTH EAST,MD,SOUTH WINDSOR,CT
458eeea6baa331c00e8bdb092c967bfb,BROOKLYN,NY,JERSEY CITY,NJ
9f392a61a988d9b5b14a1ccba1524c77,COLUMBUS,OH,JOHNSTOWN,PA
7b689c4b6d8cedeff76b8aa995ae492c,CHIPPEWA FALLS,WI,CLINTON,IA
484fbece68105c2174adea91ccc5f3f9,GRANITE CITY,IL,KIRKSVILLE,MO
280664f153fe46162076f17a75c74511,CARLISLE,PA,PHILADELPHIA,PA
a86e7aa52c31c368ede3f92648bac0cc,HOUSTON,TX,AUSTIN,TX
e9c19260f9d3586865edd9beec201f4f,CARLISLE,PA,SHIRLEY,NY
92037155355bd551d4a60081e43cc2db,PHILADELPHIA,PA,CHAPEL HILL,TN
a740025f20efd0d2cfd13d5b4743a2ee,SPRING VALLEY,NY,BRONX,NY
5441d9247ecfbb52cd76b8affca8bab2,NEWARK,NJ,YPSILANTI,MI
4ad02d3f88422f978ee3139afbc7ac1d,GRANITE CITY,IL,MUSKOGEE,OK
fe95420e1b2325e32e0c21176256ccca,NEWARK,NJ,NORWICH,CT
8d48d36df3c58d35151f1e15101dc80f,CHERRY HILL,NJ,NORTH KINGSTOWN,RI
4eff04de59aa21ac74591089b7048494,CONGERS,NY,SAINT ALBANS CITY,VT
a0a63263617efd8f4fa043fe0e527979,CONOVER,NC,CROTHERSVILLE,IN
c40cf42b80a62298f2d9df19aea97daa,BALDWINSVILLE,NY,MEDFORD,MA
f2aeab61d626ed6682470e206171c0e2,LA PORTE,TX,SAN ANGELO,TX
e680612fe1d8f9a18c08cdb6f60eaa2f,NEWARK,NJ,CRANSTON,RI
f2b670d8830f76d595fe5773ad8e72ee,NORTH RICHLAND HILLS,TX,LACEYS SPRING,AL
a275eb76b5e043d3f2d238d6e49d6328,AURORA,CO,COLORADO SPRINGS,CO
b1eb87e103a3c79377c86b972f3b08e8,COMMERCE,CA,CHANDLER,AZ
baf06fe6bdbd06c793a8f09092e4d03b,JURUPA VALLEY,CA,BREA,CA
6abd51e916b4593523fc7e9c994e12f2,DUBLIN,VA,MOUNT HOLLY,NC
6e608cc81d0fd8eb5d765b69ff1a9a56,CHRISTIANSBURG,VA,COLUMBUS,OH
9b1f671e7512c86d9b55cde6dc402101,JACKSONVILLE,FL,MADISONVILLE,LA
b94d169148ce1dbc51a977d38f6939b8,FRANKLIN,IN,MOUNT VERNON,OH
abcaa7b7984b6f9ad5ade374c3b3156e,KUTZTOWN,PA,AUBURN,NY
62b2932e3917f1cee4502fdcbf16cc9b,POCOMOKE CITY,MD,ROCKVILLE,MD
497d3ab09aa57e293175d31823e1018e,YORK,PA,HACKETTSTOWN,NJ
2ed2d3cfd9a7a4e38231bf7a3fa044b9,KENT,WA,AUBURN,WA
ee93004132d0f971cae4af5db6fb46e3,ARLINGTON,TX,HOUSTON,TX
e478fd884ac0c9da29e7a3bc3b7cae06,CARTERSVILLE,GA,ALBANY,GA
8d373f430524c2288c4e853b2c8c98a0,JACKSONVILLE,FL,LAKELAND,FL
7ae0011db6efe2e12713917110aa609f,WILSON,NC,BATTLEBORO,NC
576cc223f29f124ff661c37644ef1294,LANCASTER,PA,NEWARK,NJ
27d65c70e0ea867d64fdd90b78f88d8c,BRIDGEWATER,NJ,SPRINGFIELD,MA
fa0e1a0b43e6867c5217410d93671fc0,COLONIAL HEIGHTS,VA,WINSTON-SALEM,NC
55867c9c52a4806facac05b8f932232c,CARTERSVILLE,GA,SPARTANBURG,SC
2fba2c270f6f50ea15aaa1e95a4ccbd6,BRIDGEWATER,NJ,WOODLAWN,MD
84708b53361930561efa870e7c87f900,WANAQUE,NJ,OLEAN,NY
fc50dd493e96c847be5a5e534f35420b,CONOVER,NC,CARROLLTON,GA
addda598a64855396d96d34e04f49ede,BALDWINSVILLE,NY,BERNHARDS BAY,NY
3bba0445074daac0842e806f9d741db7,DALLAS,TX,LOWELL,AR
1aa02608566427065f5dfb5f697276e1,MUKILTEO,WA,PACIFIC,WA
f3532fbedaebd41823350c4f07bca73b,COLONIAL HEIGHTS,VA,UPPER MARLBORO,MD
db2e105c0d32f77a9a61185ccd23fab5,GASTON,SC,GASTONIA,NC
8b4a8b5368e9526d8ccdd06732300270,JACKSONVILLE,FL,CHARLESTON,SC
b67d4da6653787f4fec1cab067839489,MODESTO,CA,MODESTO,CA
52fecdb52af16ec4d94fb64d7b5fc67c,BURLINGTON,NC,COMMERCE,GA
cd50020cb1a01b98c5295023755893ea,NEWPORT,TN,LACEYS SPRING,AL
4b64893df2bab29885d55b7f2995cf80,GASTONIA,NC,MONROE,GA
30203e80ef5b7f5b5f2c775b0e9d03e8,TOLEDO,OH,MOUNT VERNON,OH
e4c904174ae0630e23122cfdea125f90,CARTERSVILLE,GA,ATTALLA,AL
20b012d3a13bfab928d84464c38ee695,MARION,VA,COMMERCE,GA
af83605d5a153468b7f36113aa61eba7,WINCHESTER,VA,YORK,PA
718b02ed3bdbd7104fe6cd6d04a3cbfa,JACKSONVILLE,FL,EVANS,GA
32852fac1e3aa1a369c6dcb45cba09dc,FRESNO,CA,COLTON,CA
2588946960b8f37ac257f8fd12a999eb,LIVERMORE,CA,GARDENA,CA
8c2641219d1691787766eb2d0c9d7c73,PHOENIX,AZ,DOWNEY,CA
bd1a2f5aa06180fd64006d5a6c2f4178,WANAQUE,NJ,OCEAN CITY,NJ
7c369b9a3cf68ffb4ab882712a1cbf96,NASHVILLE,TN,LACEYS SPRING,AL
e0bf32c2a0cd83a27c9da1014a1abb93,OCEAN TOWNSHIP,NJ,NEWARK,NJ
89d3ba9218a0eb5904daf812f74ad09d,BREMEN,IN,ELK GROVE VILLAGE,IL
f530089f36930cd6a1039569e0544b3a,NEWARK,DE,CLEVELAND,NC
240aaf3cb3530b319f26c0f6d9f7671f,LOUISVILLE,KY,PARIS,TN
54a58c8ba9d3b8dcd9d9c4f181ed1324,PORTSMOUTH,VA,AURORA,IL
8c7f4390645a888fee56df3ca89eb6e0,ATLANTA,GA,SOUTH BRUNSWICK TOWNSHIP,NJ
dd1ee1dcba4418471d234e5d38eaef29,AURORA,CO,GLENWOOD SPRINGS,CO
15c2289e784c4ac81afc7b6ba24543a9,FORT COLLINS,CO,POTEAU,OK
9c807094312ad94d5731e8a50ac654b7,WILLIAMSBURG,VA,DANVILLE,VA
6309f83afeb4e1a12708adf7bde98d51,XENIA,OH,SWEDESBORO,NJ
92a2bd55f75d427e7588bb19753efdc8,CARTERSVILLE,GA,CHARLOTTE,NC
8efd181019ca6bb6afdda9dbb5c37ab9,PORTAGE,IN,CLEVELAND,NC
31a7de6acfd2497da4bbf70ea9adc469,HOUSTON,TX,WEST PALM BEACH,FL
abd4a92e33a9e1a30d7ff9fce1c5b4ed,CARTERSVILLE,GA,KNOXVILLE,TN
f0033d76bf16cd652e4711f7f4904cf5,WILLIAMSBURG,VA,SAN ANTONIO,TX
84417f2b9781533861b38e19cb5946d1,VAN NUYS,CA,FALLON,NV
d1ba020f18bf61aba035eb4d31f8f5fa,HACKENSACK,NJ,BRAZIL,IN
de7751aefc794e70319d28c6e0da72d5,COLONIAL HEIGHTS,VA,PIEDMONT,SC
745d78dd96c6d8644dd5179ea2cc6b38,COLONIAL HEIGHTS,VA,NASHVILLE,TN
7db6473cd33d3d39d3afd8f09b4ae08d,DE SOTO,KS,ST. LOUIS,MO
eeca9a46810d9fca769441edef6a4447,WALLA WALLA,WA,PACIFIC,WA
2bc8adf62245bcdb113dbd7189b6a4dd,OLEAN,NY,ROMEOVILLE,IL
6b35f20b665712074ac802c9480d8aad,OLEAN,NY,JOLIET,IL
07df6ac4271b5a19405d14c32672e9cf,PLANT CITY,FL,MONROVIA,MD
161c7861504e0dfbb985f36fe449d619,HOOD RIVER,OR,UPPER MARLBORO,MD
4cf54e1d926229c8e9e33e85f9987c2a,MONTPELIER,OH,RENO,NV
fca4a64b7ed47a7f98586a80dd3efa7d,NEWARK,DE,PORTLAND,OR
924ae63f3879ad01c1839cb5a112f80e,DELANO,CA,METHUEN,MA
76338aaf8bec2b348c326ba91c48ead0,HANOVER,PA,PORTLAND,OR
7cec369bdcf7a94b8823dfd866429ad3,LOS ANGELES,CA,NEWARK,NJ
f8674c832cda423ab70c82490559c993,LA PALMA,CA,PLANT CITY,FL
742cc66c1556aa82d36d88a573f49cad,BRIGHTON,MI,PORTLAND,OR
c93b026524c683fe2664a636ed10c7d9,CHILLICOTHE,OH,PORTLAND,OR
0de5832d94d317a51f86f0866b5689a5,COMMERCE,CA,BROOKLYN,NY
2894caaeaa8900aad22050ca0026a66c,SALISBURY,NC,RENO,NV
6b7f177a97f46e07b51592f61f6ce537,INDIANAPOLIS,IN,LAREDO,TX
aea6399d74f5c0eebf131ddb66b847ae,LAKEWOOD,NY,LAREDO,TX
c09c60145c882b1c078ce896be9edee8,MISSOURI CITY,TX,ALTAMONTE SPRINGS,FL
e209c018060d8cb4500f8441c11d88d4,PLANT CITY,FL,EUGENE,OR
62641a745b1e4ef0dd4da5691b9f43df,HAUPPAUGE,NY,PLANT CITY,FL
714fe8f35a34027bfb7ec770b249934a,TRACY,CA,MELROSE PARK,IL
8d3dc9a0569143b076c012ef11d13f0b,LODI,CA,ROANOKE,TX
b0f629670de7311e28c9f2015643b93f,HOUSTON,TX,PACIFIC,WA
df06fdd685046445b93395d3bbcdf150,CARSON,CA,MONROE TOWNSHIP,NJ
5ed17164af43e7725ed0e6a25840e408,PLANT CITY,FL,PORTLAND,OR
7083ad4cfda4f4f1711064ec7c1bdbcd,ROSSVILLE,GA,CLEVELAND,NC
dc56645de93184aa36d1a5a195c229f8,FORT COLLINS,CO,KALISPELL,MT
bc041b78d78b1d004213f8e32205d4e3,LA PINE,OR,TEMPE,AZ
31cf55b90c237869037cf45cd03d1fbf,PORTLAND,OR,PORTLAND,OR
bbf1c031c125583e08ff354bd3209559,TRENTON,MO,CLEVELAND,NC
5526fb09b42320527c887c94fe2af557,BALDWINSVILLE,NY,CODY,WY
0584759dccc2c7ce826690cb673aec89,ST. LOUIS,MO,ROCK SPRINGS,WY
180fd1425f239d0d8aaa56d72eab2b5d,PLANT CITY,FL,METHUEN,MA
a05a907b10ad834aad30b52dc1b436b5,ST. LOUIS,MO,CORPUS CHRISTI,TX
03e082701afe6ff82163bb461ede2d08,MONTE VISTA,CO,ROANOKE,TX
b5a6d3d7e9110bd802c10cf0ec9a99e1,CARSON,CA,SUMNER,WA
172e3471848215a07718eda52de1aea7,LOS ANGELES,CA,LAYTON,UT
cd3044f53f2c458ec3bd4c2a0b1cb899,ST. LOUIS,MO,HOOKSETT,NH
f6408d7e2a6222eedfb1211d02ea11c1,CLACKAMAS,OR,ROANOKE,TX
070386aec002d9914f1e33a90f9b050c,DECATUR,IN,MOUNT HOLLY,NC
7ed6586bfe3b00de00b7160a99c0478f,LOCKPORT,IL,MOUNT HOLLY,NC
11e0367fbfb8a6c39121ce31fb881039,FAIRFIELD,CA,RENTON,WA
44c29e4f8073c03a648b5f0d432202d1,GRANITE CITY,IL,HIGHLAND PARK,MI
45abdc982799674e03be17e7337f415b,FORT COLLINS,CO,UNION GAP,WA
c5ed52ed11a611a1968863836269c7ca,WILLIAMSBURG,VA,MIDWAY,FL
5be5dfcfaa90873a8f64866047782aae,MOUNT STERLING,IL,PITTSTON,PA
3e098d2362ac0a4281147b9b3007a7b2,STOCKTON,CA,PACIFIC,WA
9d50a4804f3746f3ec7d31f9d93674ca,KENT,WA,WAUKEGAN,IL
a81b2fa067588331b7e5e8106ac41de6,ST. LOUIS,MO,DICKINSON,ND
00e75de549d2cb519b8bd734369e17ba,ST. LOUIS,MO,ALEXANDRIA,LA
3408d33f4444bb8c27e64c3f51a3f160,NEWARK,NJ,MELVILLE,NY
303dcaa14eac92af67c28e89ffb53335,HOWELL,MI,CLEVELAND,NC
dbf1c90e18f7103c9f446a770a1f3046,HOUSTON,TX,EBRO,FL
6be8b68e6b23888f5b72b9853648409b,FORT COLLINS,CO,HAYDEN,ID
dfcba43a489d3b28332269973c031524,CRANBURY TOWNSHIP,NJ,MOORHEAD,MN
ce6e1294552b39d45f7ea426f5279a91,BROOKLYN PARK,MN,PITTSTON,PA
f6d874e5aee56198fb7d47604b4f2c5a,LAREDO,TX,INDIANAPOLIS,IN
49b2cce2d90cea0c18d07eaf831a2fc5,GRANITE CITY,IL,BRECKSVILLE,OH
8b61fff50453151211a3a3b583b98187,AURORA,CO,CODY,WY
066a8c17b1afe99cef628007417d399b,FORT COLLINS,CO,HURON,SD
ab3837f211d37405ec7fa497601d39c5,ST. LOUIS,MO,BEAUMONT,TX
d27aebdc0522c2b57da6dffe457133bb,ST. LOUIS,MO,MUSCLE SHOALS,AL
955ddee327d76917e2d0a03310d210e8,LODI,CA,AUBURN,WA
d0430eec89bac16d6d4626ae9bf6b79a,CARTERSVILLE,GA,UPPER MARLBORO,MD
6b405acac5937a7074dbfae1540791c4,ST. LOUIS,MO,CARTERSVILLE,GA
ff338b8108684e6a02677db92b167cf0,FORT COLLINS,CO,EUGENE,OR
d2a4f91cfd5e7d81f3836752e37e00a4,GEORGETOWN,SC,AKRON,OH
5bc09459a9e05e52fbde2261665b22e8,PLANT CITY,FL,CLAYSBURG,PA
12c8b347f4d584c409c590414a93802f,ATLANTA,GA,EPHRATA,PA
bf271348a828346e6e79cb6c3833892a,BRIDGEWATER,NJ,RAYNE,LA
7f978cecd2033689a149baac975a6c59,FORT COLLINS,CO,HARLINGEN,TX
dc654ddeb337d2ffc0cf79a39f1d7eab,FAIRFIELD,CA,UNION GAP,WA
40fa55e424cc737c93de82135ef7aed7,DUNN,NC,BRONX,NY
c3079adae01abe35a53d2eec68e57583,GRANITE CITY,IL,IRONWOOD,MI
9b5c170859579fe32d9a9f479c440d94,NEWARK,NJ,PITTSBURGH,PA
dcfa15459b1072210001fe48430b9ea3,LOS ANGELES,CA,FALLON,NV
d4a6dcc3caab471befba58fcb622d1f6,GEORGETOWN,SC,MILLWOOD,WV
5abefec72349aa2f61608b191b43838e,STALEY,NC,BROOKLYN,NY
ad147e302dc6850326cc67a8284b04fa,FORT COLLINS,CO,CEDAR CITY,UT
a7c448279832ab1bf28d835117f14a34,CARTERSVILLE,GA,MIDWAY,FL
5857857d6463cb53e0743d106ba2deb4,AURORA,CO,OKLAHOMA CITY,OK
81b6a1a113d760ffbd81e1bd0df93f87,FORT COLLINS,CO,ALEXANDRIA,LA
664012b2d7c87adc79f0e28cf9a10dcd,GRANITE CITY,IL,RAPID CITY,SD
e6cb44b346923d6fb045877af31dd7b9,GRANITE CITY,IL,SPARTA,WI
f300536f8caa4eba1ccb71f23ea9a1be,GRANITE CITY,IL,CARROLL,IA
d270e530bc3857e938718bc16e0b4587,PLANT CITY,FL,SIOUX CITY,IA
0cdf0997833e3045cd2ccd0cb9ca9adb,ST. LOUIS,MO,CARROLL,IA
af97171ebdfea216610cf31442b169d3,NEWARK,NJ,JOHNSTOWN,PA
e0116bfc8887bfa7a8aee875e5452423,PUEBLO,CO,SIOUX CITY,IA
b4c703631bd886bb371ca3352d5456e4,FORT COLLINS,CO,ADELANTO,CA
49925959b1188f940200a3e9665c26a3,ROMEOVILLE,IL,COMMERCE,GA
737951b2859bf3376efe415271a91f80,GRANITE CITY,IL,SCHOFIELD,WI
226700ba1e270da68168d4c2f5f5d94b,CARTERSVILLE,GA,EBRO,FL
41c06d0ed19a0b0c72a1c8d2da2ab805,PLANT CITY,FL,DES MOINES,IA
307bdcc3869fe24aa12a8ef09f26cfb9,NORTH CHARLESTON,SC,MEMPHIS,TN
5487ed75ac500ca0edba1a866be718ab,ETOWAH,TN,MEMPHIS,TN
7078dfdee3193d7403909c36a53c9e88,NEWARK,NJ,GRANITE CITY,IL
5aaabc5701f5c4bfe0030f26b62b73ac,JACKSONVILLE,FL,LAGRANGE,GA
ab962bdf8cfe37fdf82bc8a4e1f8408d,ST. LOUIS,MO,BAY CITY,MI
8fc64f939f2f7afc877d13252dddaf49,ANGIER,NC,BROOKLYN,NY
b1267b73be1f1d6b4a1bc116d560d10c,ST. LOUIS,MO,SIOUX CITY,IA
4d3fe8b6eacfe01902a4321359db99f5,ERIE,PA,COLUMBUS,OH
497fb7bddc84be18ed0c51467d9db414,ST. LOUIS,MO,YOUNGSTOWN,OH
ebbd7da39043e9d12329fa4903ecbd9c,FORT COLLINS,CO,LAS CRUCES,NM
cbe5315e9f5aa572939ba4f2a9c626ed,CARLISLE,PA,HOOKSETT,NH
403c3ee1a57a906834f8850d30720a0e,TUSCALOOSA,AL,PARIS,TX
90f5d94d137f52387cfdbcd4b38325c9,HOUSTON,TX,PINE BLUFF,AR
3d27fe17b3ae86eb6a4ec0cef3fb61c6,BALDWINSVILLE,NY,PORT HURON,MI
5770d834491a3cac0546aacee6ae5d0a,HOUSTON,TX,LUBBOCK,TX
cfb98df679598ae9d5bf621233177dd9,AURORA,CO,INDEPENDENCE,KS
7da8509565830264c31b5be73de3e245,BALDWINSVILLE,NY,CHESAPEAKE,VA
bd74d6e897c926c28c91dfb4229c9501,FORT PAYNE,AL,ORLANDO,FL
7b743eff60b16bc8ae9bd7eaf878e180,WILLIAMSBURG,VA,WINSTON-SALEM,NC
cffcaae5d156ffb8691c0efe83058d9d,REIDSVILLE,NC,EDISON,NJ
eb215951107598f4092e5bcef40a7e21,GRANITE CITY,IL,SAUK RAPIDS,MN
096125db6d426d7cfc471ec875dea139,VINELAND,NJ,BRONX,NY
6298018ef732b60c6da825ee4ea9e978,LA PORTE,TX,LAKE CHARLES,LA
27891f8e2684d03a65527047b3fd324f,NEWARK,NJ,ROCK HILL,SC
de5eb17d1ad5398c36ebd7fc4d4494cf,SOUTH WINDSOR,CT,BALDWINSVILLE,NY
0ea99c85a0aa6a7ff8b944f49143d9c4,ST. LOUIS,MO,DECATUR,IL
d3bea930584c2c8277a2760212898ec2,LA PORTE,TX,HOUMA,LA
e42d03bc329c887159f3bbb07b27394e,ORLANDO,FL,BRYAN,OH
d164c72fe0271e0900721c0023051108,JACKSONVILLE,FL,HICKORY,NC
bd866d38ff4136834cb8b66f88afdbf5,PITTSBURGH,PA,FAIRFIELD,NJ
ed2a105a89e288d6d9a62b6cac10d120,FRANKLIN,VA,BRINGHURST,IN
9293a0a230260c601a9fcc269e633e5b,PIEDMONT,SC,COLUMBUS,OH
10d02582901b15a23530b286d56ca045,TAMAQUA,PA,EAST JORDAN,MI
7f5e6ffc85382c5caa5f519584555cb1,HOUSTON,TX,RICHLAND,MS
008aaa073e1a5788053a0352819b2eeb,CERRITOS,CA,TRACY,CA
90773311e68dbd4ac730edebdf389fc2,JACKSONVILLE,FL,FORT MYERS,FL
e5f4ef24aa0ba1db1783909a31646d51,NEWARK,NJ,ERIE,PA
511b4bb4d18c513ffc6e050c5e3e2a22,GRANITE CITY,IL,SODDY-DAISY,TN
a88e6d7d1af43a36bf88612a28a8abad,PARIS,TN,WIXOM,MI
eea126ceacb88a7490cb28a7a430f242,BARTOW,WV,NORTON,VA
6443a7fdfe3dbd7f40ae10d69970176a,AURORA,CO,PUEBLO,CO
de50783900a5804cfe88917635c927e2,COLONIAL HEIGHTS,VA,ROCK HILL,SC
5e7acd4f2f5686c3f32f2036701eb689,PORTLAND,OR,FAIRFIELD,CA
84fbcfe2c808db5e6ba713f8cce39938,DAVENPORT,IA,COLUMBUS,OH
a35f75bfb738c424d0ea596027cbbc1f,CARLISLE,PA,SPRINGFIELD,VA
86968fbbe80378dbf0a18a541552b085,ATKINS,VA,CLEVELAND,NC
7de19f07a6c218f72eafed9a800ea711,FORT COLLINS,CO,MOBRIDGE,SD
28e88a0d94ef653bba898b2ba56a57fb,READING,PA,GOUVERNEUR,NY
3471bc3f7015deb2fd820a1be8bb5afd,MCKENZIE,TN,WEST MONROE,LA
12df0af56fa04a0241b9518f24617ee4,FORT COLLINS,CO,CODY,WY
4db4f806dba25b7d4cadb9e480f52cca,HOUSTON,TX,VICTORIA,TX
c5ea082cf2b8c83bdb943ace8d14c89c,LOS ANGELES,CA,INDIO,CA
1fdcdcec71031b7669a847b2b6b74bc0,OCONTO,WI,ALTON,IL
79cfc9b4d5a60c0de26250ccc7209421,YUMA,AZ,DELANO,CA
28c8510bdf68000f3e1eeb22dafc68d1,JACKSON,MS,ATHENS,TN
3ffc4e3047c4e51d7ef8ec69454ee458,PLANT CITY,FL,MCDONOUGH,GA
86e33d94f77ceb879902e5ab77ea254f,AURORA,CO,OGDEN,UT
730da2132cdfeb82d818ceee767c9487,PITTSTON,PA,SWEDESBORO,NJ
ee8c0a658aa9951932bb345c5ff4915d,MOONACHIE,NJ,ANGIER,NC
d95f210508aa4537b172d91ebc2a7b76,LITTLE FALLS,NY,BALDWINSVILLE,NY
b40eb5c108697f909f8e9976ecf099b5,KANSAS CITY,MO,DALLAS,TX
c41166fbfde36878969dc6ab1f243db2,JOHNSTOWN,CO,LOWELL,AR
a7dba2c671de3fa97a912e7d7536b6c8,MEDLEY,FL,RICHBURG,SC
57ca96a1e469f28ad1563be6d932da35,SAN ANTONIO,TX,LOWELL,AR
a14ce905954ee88c7c6efe857c7e5648,CONOVER,NC,HARTSELLE,AL
342f10007b99defcf71e8fa97b03e9cc,JACKSONVILLE,FL,MUSCLE SHOALS,AL
e3e8e8e209eeff3293bc2f36994e5bf5,DECATUR,IN,CANTON,OH
e6f7f231ece13f49ddabb77fa6f7ef94,TAFT,CA,TRACY,CA
a265c808d2ec975b347864ed26382f9f,ALTON,IL,COLUMBUS,OH
f259829c905ada74d776a2c5ccc5e6b3,PARIS,TX,PRYOR,OK
1c7e2c6c15c44fb7eb221875d3f11839,BEAUMONT,CA,TOLLESON,AZ
b0471a64a8d00235f2001e529d641a01,BROCKTON,MA,NEWARK,NJ
1a4f47014fdac731ddd357614f9da2e5,MEDLEY,FL,ROME,GA
113551580c63c76b802ffb10c188cd69,EDMOND,OK,ROANOKE,TX
246de6a9d20d98bf77afafe2fa8c3af0,ST. LOUIS,MO,DES MOINES,IA
a785a381f81c5c242477466b4e64067c,JACKSONVILLE,FL,HUNTSVILLE,AL
4db089483ef3a0400b03d277a47f3aa5,LA PORTE,TX,SAN ANTONIO,TX
25af33dc8481e23a5a7821f8751c5f2a,TRACY,CA,TRACY,CA
90ef7dbaeac643e1a035b36d838a4a02,CARTERSVILLE,GA,SODDY-DAISY,TN
bfb70bb6f89554708516f177658f77c2,KINGSTON,NY,NEW BEDFORD,MA
359f375a58b7c6cddeda1e2c554fe2c0,CLIFTON,NJ,ROCHESTER,NY
1438365221704cf03aa046a0b4a9810b,JACKSONVILLE,FL,PIEDMONT,SC
b22bf2078b3ffe53dd57c2d4a846d14a,NEWARK,NJ,ONEONTA,NY
e49eb098b232ee2153c146efac2ab90c,LINDEN,NJ,YORK,PA
d9fa0ee4c66679ea11d35661424ac82d,NARVON,PA,PHILADELPHIA,PA
4e052cbbdb78f6e51eff660696710a22,ZION,IL,DETROIT,MI
4ed4cff1faf85e1c97339bde7fecef31,CARTERSVILLE,GA,BIRMINGHAM,AL
513eb88be6e574b14176beb9df813097,NEWARK,NJ,OLD FORGE,PA
c517b75964a6569e489a666d6e65daed,LOS ANGELES,CA,TEMECULA,CA
ed8cd1c7a5fe6b1c0518dc71f92990f4,COLUMBIA,PA,NEWARK,NJ
54ed61aa3e268877186a90156b53d270,MIAMI,FL,COMMERCE,GA
32159e65465b31a2b74e11e69db57324,CARTERSVILLE,GA,COLUMBUS,GA
8f3ddeb4205f40be18e8474347ca6424,DALLAS,TX,HOUSTON,TX
435bd0bf6bd6cb8285da533f8766eb5b,WARRENTON,VA,EPHRATA,PA
57d2978343c971821cff110fd1f0db70,YORK,PA,NEWARK,NJ
12d5b07db6f513dc2180e5eda77bd6e8,HOUSTON,TX,LLANO,TX
d1b960d79133a51348b2b19e01a8b9f1,MEDLEY,FL,ORLANDO,FL
cca4d4be44d6421580dddeb8dc246b71,ORLANDO,FL,FORT PAYNE,AL
37d8ed11ca41a12830f2249d36b3fbd9,LA MIRADA,CA,SANTA ANA,CA
3f671fca2596448785f1865053ff53d2,CASA GRANDE,AZ,PALMDALE,CA
aa9336918b715ccfbe9f846d4176069d,PHILADELPHIA,PA,ALTOONA,PA
4d774d8398092d0638c90f7d2ce50a00,DALLAS,TX,MUSKOGEE,OK
adf2fcf5cca83905d92b11ac5faf9da3,WANAQUE,NJ,FARMINGDALE,NY
95a33916a349a15d37d2d7dfc78a87d0,DAVENPORT,IA,GURNEE,IL
5546679bdf710d525ee50c4cf3d28623,JACKSONVILLE,FL,SAVANNAH,GA
ee85fc7372ea0272e1200e1ffe5aeaa6,BROOKLYN,NY,NEWARK,NJ
43a5d83fabee1a89d347b643ebee52e9,SPRINGFIELD,MA,NEWARK,NJ
1dea0fcf8ad4067eaadcf06ed1f33227,GREENVILLE,SC,FORT PAYNE,AL
455de3444c429752ee946d99c02b0da9,CANTUA CREEK,CA,GARDEN GROVE,CA
dd395dc0800e96f476bdca1d3fe4df9d,HACKETTSTOWN,NJ,LONG BRANCH,NJ
9c9f6ffaf240ea6505762b408ebc2784,WEST PALM BEACH,FL,TAMPA,FL
4dd831da67810c65f2742e386a7de575,CONOVER,NC,NEWTON,NC
a4a8a30fd07d95bf85071f16ebcdd568,HAWTHORNE,CA,LOS ANGELES,CA
f94bdceb0a2f4ad206eeeda4059a45d4,NEWARK,NJ,MEDFORD,MA
725644948f1c5fd3ac742aa68a15a2b7,FAIRFIELD,CA,BILLINGS,MT
2dca9f8cffff1847b6a9cc8357c3f0f5,ST. LOUIS,MO,JACKSONVILLE,FL
9ad46022ddfc0f50da852d18143a15a0,FAIRFIELD,CA,MERRIMACK,NH
e3f058a7dd09f95ab705637ff669920a,ST. LOUIS,MO,DOWAGIAC,MI
be659d0d9d14fef82ab76121f41dd52f,SALISBURY,NC,GASTONIA,NC
e927f60d05cdc3a8e01d3111a9d5929a,ALEXANDRIA,VA,GASTONIA,NC
ab3f649a88261cb291604f3de1dbcd6e,TAMPA,FL,PRINSBURG,MN
09af7c48c629b72fd3083d6135241422,BRIDGEWATER,NJ,ANKENY,IA
58cadcffde826ff0ff71748d752bb3ef,PHILADELPHIA,PA,CLINTON,NY
1ba314928acf889659c04f96a39547a4,PHILADELPHIA,PA,STOWE,PA
3615ada06184424a2e0fa7e2ed6afa97,NEWARK,NJ,SOUTH SAN FRANCISCO,CA
120530d0022bb59c814ea4c7eadaa048,WILLIAMSBURG,VA,GOLDSBORO,NC
980cfe702786cf8ff03ae13acb634248,MONTE VISTA,CO,TRACY,CA
9224ef684d36344c16926df0a156bee4,THERMAL,CA,PORTLAND,OR
